-- phpMyAdmin SQL Dump
-- version 5.1.0
-- https://www.phpmyadmin.net/
--
-- Host: localhost
-- Generation Time: Apr 16, 2021 at 09:22 AM
-- Server version: 10.4.18-MariaDB
-- PHP Version: 7.4.16

SET SQL_MODE = "NO_AUTO_VALUE_ON_ZERO";
START TRANSACTION;
SET time_zone = "+00:00";


/*!40101 SET @OLD_CHARACTER_SET_CLIENT=@@CHARACTER_SET_CLIENT */;
/*!40101 SET @OLD_CHARACTER_SET_RESULTS=@@CHARACTER_SET_RESULTS */;
/*!40101 SET @OLD_COLLATION_CONNECTION=@@COLLATION_CONNECTION */;
/*!40101 SET NAMES utf8mb4 */;

--
-- Database: `websocketTest`
--

-- --------------------------------------------------------

--
-- Table structure for table `comments`
--

CREATE TABLE `comments` (
  `id` int(10) UNSIGNED NOT NULL,
  `user_id` int(10) UNSIGNED NOT NULL,
  `post_id` int(10) UNSIGNED NOT NULL,
  `body` text COLLATE utf8mb4_unicode_ci NOT NULL,
  `created_at` timestamp NULL DEFAULT NULL,
  `updated_at` timestamp NULL DEFAULT NULL
) ENGINE=InnoDB DEFAULT CHARSET=utf8mb4 COLLATE=utf8mb4_unicode_ci;

--
-- Dumping data for table `comments`
--

INSERT INTO `comments` (`id`, `user_id`, `post_id`, `body`, `created_at`, `updated_at`) VALUES
(1, 1, 10, 'first comment', '2021-04-08 13:25:25', '2021-04-15 13:25:31'),
(2, 1, 10, 'second comment by moemen', '2021-04-15 12:05:12', '2021-04-15 12:05:12'),
(3, 1, 10, 'this is first comment form laravel echo', '2021-04-15 12:53:05', '2021-04-15 12:53:05'),
(4, 1, 10, 'this is first comment after edit events', '2021-04-15 12:54:07', '2021-04-15 12:54:07'),
(5, 1, 10, 'test ya pro', '2021-04-15 12:54:44', '2021-04-15 12:54:44'),
(6, 1, 11, 'first comment post 11', '2021-04-15 13:03:24', '2021-04-15 13:03:24'),
(7, 1, 11, 'again 2', '2021-04-15 13:03:41', '2021-04-15 13:03:41'),
(8, 1, 11, 'test private', '2021-04-15 13:47:20', '2021-04-15 13:47:20'),
(9, 1, 11, 'test 01 private', '2021-04-15 13:48:49', '2021-04-15 13:48:49'),
(10, 1, 11, 'test 02 private', '2021-04-15 13:49:07', '2021-04-15 13:49:07'),
(11, 2, 11, 'test 03 private', '2021-04-15 13:49:18', '2021-04-15 13:49:18'),
(12, 1, 11, 'test04', '2021-04-15 13:49:51', '2021-04-15 13:49:51'),
(13, 2, 11, 'comment realtime only for auther', '2021-04-15 13:51:25', '2021-04-15 13:51:25'),
(14, 1, 11, 'comment realtime only for auther', '2021-04-15 13:51:32', '2021-04-15 13:51:32'),
(15, 2, 11, 'comment realtime only for auther', '2021-04-15 13:52:59', '2021-04-15 13:52:59'),
(16, 1, 11, 'comment realtime only for auther', '2021-04-15 13:53:03', '2021-04-15 13:53:03'),
(17, 1, 11, 'comment realtime only for auther  01', '2021-04-15 13:53:09', '2021-04-15 13:53:09'),
(18, 1, 10, 'test', '2021-04-16 05:12:00', '2021-04-16 05:12:00'),
(19, 2, 10, 'test', '2021-04-16 05:12:20', '2021-04-16 05:12:20'),
(20, 1, 10, 'test', '2021-04-16 05:14:13', '2021-04-16 05:14:13'),
(21, 2, 10, 'test again', '2021-04-16 05:14:22', '2021-04-16 05:14:22');

-- --------------------------------------------------------

--
-- Table structure for table `migrations`
--

CREATE TABLE `migrations` (
  `id` int(10) UNSIGNED NOT NULL,
  `migration` varchar(255) COLLATE utf8mb4_unicode_ci NOT NULL,
  `batch` int(11) NOT NULL
) ENGINE=InnoDB DEFAULT CHARSET=utf8mb4 COLLATE=utf8mb4_unicode_ci;

--
-- Dumping data for table `migrations`
--

INSERT INTO `migrations` (`id`, `migration`, `batch`) VALUES
(1, '2014_10_12_000000_create_users_table', 1),
(2, '2014_10_12_100000_create_password_resets_table', 1),
(3, '2017_12_07_213528_create_posts_table', 1),
(4, '2021_04_15_120128_create_comments_table', 2);

-- --------------------------------------------------------

--
-- Table structure for table `password_resets`
--

CREATE TABLE `password_resets` (
  `email` varchar(255) COLLATE utf8mb4_unicode_ci NOT NULL,
  `token` varchar(255) COLLATE utf8mb4_unicode_ci NOT NULL,
  `created_at` timestamp NULL DEFAULT NULL
) ENGINE=InnoDB DEFAULT CHARSET=utf8mb4 COLLATE=utf8mb4_unicode_ci;

-- --------------------------------------------------------

--
-- Table structure for table `posts`
--

CREATE TABLE `posts` (
  `id` int(10) UNSIGNED NOT NULL,
  `user_id` bigint(20) UNSIGNED NOT NULL,
  `title` varchar(255) COLLATE utf8mb4_unicode_ci NOT NULL,
  `content` text COLLATE utf8mb4_unicode_ci NOT NULL,
  `published` tinyint(1) NOT NULL DEFAULT 0,
  `created_at` timestamp NULL DEFAULT NULL,
  `updated_at` timestamp NULL DEFAULT NULL
) ENGINE=InnoDB DEFAULT CHARSET=utf8mb4 COLLATE=utf8mb4_unicode_ci;

--
-- Dumping data for table `posts`
--

INSERT INTO `posts` (`id`, `user_id`, `title`, `content`, `published`, `created_at`, `updated_at`) VALUES
(1, 26, 'Aliquam earum dolor asperiores repellendus expedita temporibus laudantium.', 'Ducimus facilis sed at qui. Voluptatum earum iure autem qui voluptatum. Alias accusantium veniam et. Rerum iure qui dolore quia et.\n\nDeserunt ea voluptas voluptatum non expedita accusamus sit. Enim aut nesciunt eos. Eos consequatur magni architecto quis ut voluptatum. Quos sed cum amet aspernatur iusto inventore.\n\nFugit at omnis commodi voluptates non quas. Delectus illum perferendis eligendi exercitationem consequatur natus totam. Et natus nam aut ipsam excepturi nisi. Accusamus nihil nostrum quisquam aut est non.\n\nIn cupiditate eum aspernatur soluta in aut id et. Totam voluptatum ipsa nisi deleniti nihil commodi. Quia repellendus odio iusto minus qui. Corporis minus quia ut id reprehenderit.', 0, '2021-04-15 04:49:33', '2021-04-15 04:49:33'),
(2, 26, 'Sint ut error eveniet inventore sunt veniam.', 'Velit voluptatem qui adipisci necessitatibus ut et rerum sunt. Ullam alias voluptas praesentium iste. Est qui facilis vero aut laboriosam. Ex explicabo et magni delectus tempore tempora.\n\nSint consequatur velit id nihil et eligendi. Et occaecati magnam esse sapiente. Porro exercitationem id est debitis fugit. Quis voluptatem nihil vero dignissimos esse tempora repudiandae enim.\n\nQuia est asperiores eius officiis. Neque culpa ut similique aspernatur molestiae enim fugiat.', 1, '2021-04-15 04:49:33', '2021-04-15 04:49:33'),
(3, 26, 'Aut aliquid omnis iure aut consequatur nesciunt aut recusandae.', 'Ut excepturi sed sit repudiandae asperiores. Dolores aut iure id neque debitis dolorum odit magnam.\n\nAlias consequatur et facere dolore id. Voluptas necessitatibus dolorum sint iure. Eum accusamus aut quia praesentium dolore in.\n\nRepudiandae velit fugiat saepe dignissimos dolorem mollitia rem. Ut in voluptatum harum voluptatem a est quaerat aut. Numquam et ratione voluptatem magni. Pariatur ut doloribus voluptas fugiat eos occaecati et.\n\nPlaceat sit aperiam sequi sunt laboriosam. Explicabo corrupti rem similique non voluptas. Et quia nemo qui aspernatur earum laudantium. Mollitia deleniti consectetur a ea blanditiis magnam quae enim.', 0, '2021-04-15 04:49:33', '2021-04-15 04:49:33'),
(4, 26, 'Ducimus blanditiis ipsum quos voluptatem esse odio.', 'Ipsa vitae mollitia voluptate maiores. Quo aut explicabo dolores numquam. Laboriosam quia id esse sed.\n\nEt iusto quam culpa impedit. Magni nulla illum a minima similique reiciendis dolorum. Sapiente accusamus consequatur delectus et laborum.\n\nOfficiis error esse ut eos non. Minus beatae a rerum enim quisquam commodi omnis possimus. Quasi aperiam dolor voluptas vel reprehenderit ab reiciendis. Voluptatum rerum aut repudiandae reiciendis.', 1, '2021-04-15 04:49:33', '2021-04-15 04:49:33'),
(5, 27, 'Quis tempore doloremque facilis hic.', 'Et neque qui et et. Perferendis eligendi dolorum molestiae aut et. Saepe sint voluptatem voluptatibus ut quidem fugit eaque. Tenetur dolorem voluptates ut iste et commodi magnam. Voluptatibus eos doloribus placeat sit eligendi quia sint.\n\nEarum optio recusandae tenetur quae. Voluptate quo optio a officia occaecati accusantium voluptatibus. Rerum sed ut vitae nostrum quaerat illo ut eveniet. Doloremque rerum exercitationem voluptatibus aut commodi repellendus nisi totam. Nostrum accusamus sit error.\n\nRecusandae ratione nulla sit. Magnam dolorum nostrum deleniti quos eum est eveniet. Eum ipsum molestiae est neque animi.\n\nDolorum veniam vel aut doloremque. Eligendi corporis voluptate nesciunt aut. Accusamus similique omnis magnam numquam nobis voluptatem. Sint nemo sit cumque assumenda recusandae doloribus ad. Aspernatur consequatur placeat illum natus nam sint sint.\n\nMollitia totam a corrupti sequi eveniet. Consequatur et assumenda nesciunt enim libero. Commodi voluptas error et. Ut odit totam et quia nihil inventore qui.\n\nId et pariatur vero corporis. Eveniet magnam qui distinctio vero. Unde repellendus qui ut impedit aut omnis. Quibusdam dolor sit ut at. Quibusdam inventore maiores ipsam necessitatibus id ab eligendi.\n\nAnimi vel est sunt quam vel sunt. Maiores quae aut vero et cum. Cumque impedit atque doloribus rerum aut blanditiis facere. Qui quis consequatur incidunt error suscipit fuga natus.\n\nDolores ut ex officia autem temporibus beatae error voluptatem. Quo natus pariatur eligendi autem. Rerum at id a.\n\nCommodi aliquam dolore explicabo incidunt sunt vel qui. A laudantium porro molestiae et. Aut autem est est animi explicabo atque.\n\nQuam voluptas et consequuntur et sed quis cupiditate ut. Neque nam fuga fuga necessitatibus aliquid in ut. Nihil sit libero sed earum ut enim excepturi. Consequatur et dolor nihil libero occaecati ab.', 1, '2021-04-15 04:49:33', '2021-04-15 04:49:33'),
(6, 27, 'Quam enim quidem fugiat reiciendis aliquam.', 'Repellendus asperiores consequatur amet provident odio. Nobis qui nemo nostrum ipsa. Ullam nam omnis laboriosam ut fuga sequi eum.\n\nAut corrupti molestiae unde ullam qui eos. Eaque sit quos est distinctio temporibus nulla libero. Amet sed earum ratione tenetur facilis non. Voluptas sint soluta incidunt ut voluptas.\n\nVoluptatem aut illo dolore sunt iusto magni. Porro omnis assumenda officiis ex magnam.\n\nRem velit blanditiis perferendis occaecati magni. Ratione necessitatibus dicta maiores enim iure. Illo laboriosam harum nihil ea natus.', 0, '2021-04-15 04:49:33', '2021-04-15 04:49:33'),
(7, 27, 'Sed quod et eius ipsum consequatur esse repellendus.', 'Iure expedita soluta exercitationem non iste quas. Quidem autem non qui id ipsum. Enim veritatis iste enim occaecati est. Eum est dolorum dolore ut ut.\n\nEarum dolorum nam sequi eaque quibusdam quasi recusandae. Labore voluptatem et eveniet voluptatem non repellendus eum. Eius incidunt qui doloribus fuga sapiente. Molestiae quis dignissimos voluptates repellendus fugit repellat.\n\nOdio ex voluptatum et dolorum in sint. Sunt praesentium eius maxime repellat qui quis. Dolores nesciunt labore eos veritatis corporis. Voluptate voluptatem corrupti illo qui nobis odio. Quos sit vel eum.\n\nEveniet at rerum dolore. Perspiciatis aut repellat asperiores laudantium cum. Rem iste vero cupiditate labore. Beatae suscipit similique quam impedit voluptatibus omnis ea. Eius laudantium recusandae repellendus quis.\n\nCum dolor autem dolores non impedit soluta. Repellat molestiae incidunt ad commodi. Ut est eos deleniti nihil aut. In ullam omnis ut voluptates optio dignissimos.\n\nIpsum autem atque dolorem aut nobis. Et qui quibusdam dignissimos minus. Veritatis consequatur nihil tempora sint modi quia ipsam. Sunt unde enim eaque molestiae iusto.\n\nEt laboriosam in ea est ut eum. Maiores deserunt eaque nemo aut voluptas odio. Facere tenetur praesentium architecto error eligendi fugit.\n\nNatus expedita adipisci ut. Voluptatem omnis odit natus dolores dolore quidem. Eos illo hic recusandae sit architecto earum quae ab.', 1, '2021-04-15 04:49:33', '2021-04-15 04:49:33'),
(8, 27, 'Aliquid ut quod perspiciatis deleniti sunt nesciunt asperiores.', 'Est sit excepturi nobis deserunt delectus nobis possimus. Tenetur facere architecto quia omnis sint doloribus ipsa velit. Eius maxime accusantium quis nobis architecto nihil. Deserunt itaque illo magni est quo sint non.\n\nLaborum aut aut aut expedita autem rerum ut ipsa. Veniam iusto voluptatem sit est consequatur et veniam. Quos aut consequuntur et repudiandae quisquam.\n\nQuo et sed soluta et architecto voluptatem quam. Quisquam consequatur voluptas nam quisquam. Qui consectetur tempora aliquid fugit. Dolore quae eos veritatis voluptas.\n\nQuo alias cum quam velit non laborum inventore nihil. Corporis commodi eos veritatis. Non adipisci quisquam deleniti tenetur fugiat quia.\n\nLaborum omnis culpa ea ut ut. Cumque temporibus earum aliquam omnis repellendus. Quam in commodi id laboriosam distinctio sunt. Autem voluptatem harum ex in.\n\nFugiat veritatis cumque quas mollitia maiores sed veritatis. Enim consequuntur at error veritatis minima dolore. Esse pariatur ut accusamus quaerat. Debitis dicta tempore aut fugiat rerum.\n\nIpsum aut asperiores natus nobis ratione ullam inventore. Consequatur soluta qui adipisci inventore nisi fugit. Saepe nihil cupiditate autem sed. Aperiam aperiam est adipisci et saepe inventore magni illo.\n\nAtque earum suscipit quasi quaerat quibusdam vero error qui. Facilis et et rerum autem rerum. Harum autem voluptate ratione dolores culpa. Cupiditate deserunt dolor porro ut mollitia.\n\nReprehenderit quo incidunt aliquam saepe aliquam ea. Saepe autem autem beatae porro eius. Voluptas nobis laborum ipsam eaque.\n\nRecusandae delectus beatae corrupti enim id cum et. Consectetur nam nostrum molestias quae odio. Laborum consectetur alias aut dicta debitis veritatis vero eveniet. Assumenda totam quos fugiat quis quod dignissimos omnis incidunt.', 0, '2021-04-15 04:49:33', '2021-04-15 04:49:33'),
(9, 28, 'Dolorem molestias qui optio itaque.', 'Voluptas placeat tempore reprehenderit quas non ipsa optio. Quia blanditiis et culpa non similique pariatur tempora. Atque quae aut beatae totam magni.\n\nMaxime repudiandae tenetur quisquam. Voluptas tempora asperiores atque quo voluptate. Consequatur nobis fugiat velit voluptas amet sit animi. Perspiciatis et qui non nihil cumque.\n\nModi cumque repellat autem aut dolor voluptatem cum. Ut corporis molestias quod est vel nam earum. Quae et repellat ipsum totam. Iusto similique quia aliquid.', 0, '2021-04-15 04:49:33', '2021-04-15 04:49:33'),
(10, 28, 'Voluptatem autem reprehenderit porro asperiores.', 'Sapiente soluta rerum quia ut. Id odit nobis qui. Sed et eum nesciunt.\n\nEt sit accusantium mollitia veniam quis ea. Cupiditate nihil perspiciatis molestiae sit. Est totam sit possimus aut molestias vero.\n\nPerspiciatis voluptatem neque dolor beatae laboriosam et. Repellendus ut molestias repellendus illo ullam dolor blanditiis. Occaecati modi aliquam eos dignissimos. Saepe illo explicabo enim expedita nesciunt ut.\n\nVoluptatem deleniti cupiditate sint nesciunt excepturi. Alias rerum ipsa ut dolor. Consectetur minus quod molestiae amet. Voluptas delectus earum omnis eaque vel adipisci.\n\nEx quas sit voluptates ipsa ea corporis. Dicta ipsam sint ullam occaecati maiores enim.\n\nTemporibus veritatis unde natus qui dolores laudantium ducimus. Sunt voluptatum dolorem et qui iusto veritatis et qui. Nisi beatae laudantium et pariatur qui. Odit consectetur id veniam accusamus quia odio.\n\nEt doloribus eum culpa expedita ducimus voluptas quis. Itaque dicta est consequatur vero soluta accusamus aut. Ea non ratione sed quasi corrupti sit reprehenderit. Nulla autem accusantium architecto. Ea dolorum perspiciatis praesentium velit aut voluptas quaerat.', 1, '2021-04-15 04:49:33', '2021-04-15 04:49:33'),
(11, 1, 'Sit ea quaerat enim sed enim ut officia fugiat.', 'Id ipsa quasi quaerat possimus quis nemo ducimus. Dolore rerum in nobis dolorum commodi. Sit a laudantium quaerat sed voluptas.\n\nQuo sed consequatur atque et consequatur. Ducimus omnis et alias deserunt aut libero. Error suscipit accusamus fuga.\n\nPraesentium deleniti ratione quod fugit aut officia iste assumenda. Nobis et et et dolorem libero esse libero. Consectetur at sed impedit officiis. Enim qui perspiciatis voluptates ipsum minus repellat. Deserunt ducimus quia et nobis et nam.\n\nVero explicabo libero molestias. Et vero eaque perspiciatis enim odit est. Id ex aut ut distinctio ut fugiat qui. Iure eveniet quasi et labore sed maxime rem.\n\nDeleniti et suscipit illo praesentium culpa culpa. Voluptatum explicabo laborum et ipsum. Voluptas aut ut voluptas necessitatibus provident.\n\nEos non distinctio et aut ut. Perspiciatis laborum consequuntur non consequatur. Praesentium iste dolore laboriosam dolorem animi officiis natus autem. Modi necessitatibus non consequatur commodi sapiente architecto.\n\nDistinctio rem necessitatibus est velit architecto qui quis. Et iste harum minima rem officiis quibusdam. Cum aut debitis qui. Sint aperiam laudantium aliquam omnis at velit. Quisquam quis temporibus tempora expedita facere fugiat adipisci.', 0, '2021-04-15 04:49:34', '2021-04-15 04:49:34'),
(12, 28, 'Illo dolorem veritatis voluptatem similique error architecto quam.', 'Delectus impedit quos qui iusto vero reiciendis. Id optio qui aut totam enim tempora facilis. Voluptatem porro et voluptas et. Id non rerum earum non sint cumque.\n\nLaborum dolores consectetur labore sunt aut. Repellendus repudiandae voluptatum quas at ut et labore. Blanditiis dolore harum pariatur illo tempore nihil. Expedita ullam recusandae eligendi voluptas quis ut.\n\nAlias sapiente quas rerum. Autem odit quia quia autem magnam voluptas omnis. Ab natus perspiciatis consequatur ut officia. Dolores quo consequatur expedita ipsam placeat non.\n\nNon et voluptas sed maxime. Eaque necessitatibus dolorem minus modi officiis. Voluptas sed molestiae nihil non tempora quaerat. Voluptatibus eligendi unde delectus voluptatem.\n\nDolorem at dolores quaerat cum beatae atque ut architecto. In pariatur odio magni dolore enim ullam sint. Qui optio quo et non.\n\nNisi non unde enim totam. Deleniti ad ea iure dolor consectetur aut. Saepe sunt non assumenda recusandae ratione aperiam. Possimus sit cupiditate non omnis non suscipit. Nam tempora et et id consequatur.\n\nEligendi voluptas veritatis quidem animi. Ipsum soluta doloremque itaque placeat quas voluptate. Sapiente suscipit quia unde. Ipsam enim iste impedit et expedita et.', 0, '2021-04-15 04:49:34', '2021-04-15 04:49:34'),
(13, 29, 'Odio facere adipisci omnis qui iste harum.', 'Reiciendis nisi sapiente eos sequi perspiciatis. Blanditiis repellendus et quasi sit atque sunt. Et consequuntur ducimus sed perspiciatis cum ullam sed est. Totam molestiae ullam ex labore.\n\nDucimus quo repudiandae quibusdam. Fugiat odio iste sunt quos quibusdam. Quia atque quia corrupti beatae.\n\nExpedita vel illum sunt similique. Corporis provident voluptatem numquam soluta alias explicabo quaerat eos. Magnam error a eos aut qui expedita soluta consectetur. Tempore rem repellat voluptatem repellendus illum.\n\nEt aut quo exercitationem nemo voluptatem culpa sed eius. Voluptatem reprehenderit voluptatibus ea labore est ut sed. Cumque perferendis et earum tenetur saepe voluptas. Nesciunt voluptatem beatae quo laudantium exercitationem assumenda ut. Sed corporis minima ipsa ea.\n\nNemo facere et quidem adipisci consequatur tempore id aut. Dolorem et qui veritatis magni neque non quia. Dolor dicta commodi consequatur omnis.\n\nEsse velit incidunt quis quis quaerat unde vel. Culpa laudantium dolores molestiae ut omnis. Tenetur eaque perferendis sed id.', 0, '2021-04-15 04:49:34', '2021-04-15 04:49:34'),
(14, 29, 'Et et possimus soluta sed ipsam ipsum.', 'Qui et dolore dolore quidem similique culpa. Eveniet culpa iusto aut impedit dolores est possimus. Saepe consequatur esse nisi corporis amet. Commodi autem enim est ullam praesentium.\n\nConsequatur labore sint ut explicabo sapiente. Autem doloribus voluptas consequatur autem atque perspiciatis voluptatum. Quia earum quis quis eveniet dignissimos. Ipsa illo quis illo corrupti ducimus quia.\n\nEum ex autem ratione ipsa natus nobis dolor. Iste quis animi temporibus eos qui fugiat. Iusto explicabo animi est.\n\nNemo ut quia consequatur voluptatem distinctio voluptatem harum aliquid. Nisi maiores vel rerum exercitationem harum quia. Nihil veritatis aut enim delectus magnam sunt. Eos aut qui laboriosam rerum.\n\nDeserunt omnis et earum ut est. Repellendus nesciunt nam aut. Mollitia fugit necessitatibus quod nobis reiciendis voluptatem. Sed rerum tenetur nihil consequatur.\n\nAliquam voluptate omnis libero eum enim voluptatibus. Quibusdam eveniet in repudiandae quo ipsam quisquam. Quo aut tenetur et deserunt autem. Amet fuga voluptate voluptates qui.\n\nOmnis placeat velit neque quia ex ipsa. Error rem occaecati et eum ipsam quasi. Ex ut et quo eum dolor. Porro vel facere quia voluptas non.', 1, '2021-04-15 04:49:34', '2021-04-15 04:49:34'),
(15, 29, 'Debitis tenetur voluptatem iusto et exercitationem iste.', 'In quod esse voluptatem eius. Illum natus vel fugiat ad in. Rerum ut inventore dolore itaque qui alias.\n\nOdit repudiandae earum animi qui aperiam dolores. Ea facere ad consequuntur omnis ducimus. Consequuntur a voluptatem excepturi voluptatem.\n\nDoloribus magni deserunt voluptate accusamus autem. A omnis veritatis quaerat unde aut. Dolorem sunt et exercitationem minima aut culpa occaecati. Ut harum error ex et possimus.\n\nQuibusdam ea perferendis maiores quia quia qui. Iste commodi recusandae voluptatum ea harum accusantium. Molestias necessitatibus fuga suscipit optio a. Reiciendis reiciendis sit temporibus est perspiciatis.', 0, '2021-04-15 04:49:34', '2021-04-15 04:49:34'),
(16, 29, 'Commodi est dolorem voluptatem suscipit et.', 'Eum odio neque praesentium voluptas. Repellat tenetur qui quia provident voluptatem qui. Sunt voluptas cumque ab laborum dolorem quo consequatur.\n\nEnim aut unde sint modi et quaerat rerum. Distinctio corrupti dignissimos et labore aliquam voluptatibus. Ut magnam eos error deleniti possimus. Doloribus sed sed necessitatibus repellat.\n\nDistinctio dolore sunt tempore deserunt. Quia ut labore doloribus quisquam. Qui dolores asperiores est doloremque est debitis eum. Laudantium commodi ut non.\n\nBeatae maiores assumenda nostrum ullam. Quia facere qui id.\n\nLabore dignissimos omnis est voluptas exercitationem tempore dolores. Eum quaerat necessitatibus veritatis sed et distinctio.\n\nRepellendus earum natus enim consequatur. Omnis quia beatae magnam autem iste repudiandae.\n\nTempora similique repudiandae aut eum soluta. Est magni aut nam amet deserunt blanditiis doloribus inventore.', 0, '2021-04-15 04:49:34', '2021-04-15 04:49:34'),
(17, 30, 'Distinctio fugiat possimus et delectus iusto.', 'Autem et quia est dolore aut earum. Assumenda illo maxime tempora natus unde. Veniam quasi aperiam at porro ad eos voluptas.\n\nOfficia et sequi delectus recusandae enim. Provident iure optio vel laborum eos molestias qui et. Iste voluptates quam nemo architecto earum hic. Commodi et est eveniet soluta.\n\nAliquid et in cupiditate sapiente. Voluptas esse illum blanditiis nam magni rem. Deserunt beatae sapiente enim rerum. Adipisci harum explicabo labore molestiae quam officiis voluptatem. Beatae vel dicta qui aut sint magnam possimus.\n\nQui velit perspiciatis ullam fuga iure culpa. Iste ut quaerat est sit et. Recusandae nihil vel sequi illum a. Corporis nostrum pariatur sit non voluptatem voluptates.\n\nMagnam amet dolorem ut ut saepe. Neque veniam omnis id impedit asperiores ullam. Id ipsum iste temporibus sint veniam laborum. Molestiae facere et occaecati impedit et rerum voluptate.\n\nAd nam aut ad voluptatum ut dolores officiis. Voluptas iusto asperiores asperiores reprehenderit aperiam quod. Aut placeat fuga natus porro modi facilis corrupti eum. Soluta aliquam sed debitis in ea.\n\nA fuga pariatur ut ratione. Labore rerum commodi aut nulla consequuntur. Ipsum aut sunt sunt at ut et. Possimus cumque provident beatae magnam.', 0, '2021-04-15 04:49:34', '2021-04-15 04:49:34'),
(18, 30, 'Consequatur minus inventore suscipit praesentium molestias.', 'Voluptatem dicta nisi enim exercitationem quia vel nemo. Quia necessitatibus eos ea illo quidem. Rerum praesentium aliquid nesciunt et occaecati facere.\n\nNihil ipsum aut aspernatur fugit ipsa et. Optio id autem a enim rerum qui. Rerum aliquid eveniet occaecati provident accusamus maxime blanditiis earum. Id doloribus maiores optio quidem officia.\n\nIste ab dolorem aut beatae praesentium illum qui. In consectetur sint odio quis amet qui. In iure perspiciatis quas eligendi est.\n\nUt et nisi repudiandae. Magni magni optio unde sed. Maxime asperiores nihil ad est rerum. Autem reprehenderit corporis sint voluptate. Quam quia quas minus quia.\n\nEt deserunt nulla eaque amet. Eos ducimus qui laboriosam enim. Inventore sequi eos quos est asperiores.\n\nDeserunt voluptatem minima vero maxime ad debitis. Velit praesentium aut voluptatum placeat commodi aut. Dolorem culpa eos labore. Necessitatibus libero sequi dolor molestiae atque aut.\n\nQui molestiae asperiores ipsum eligendi. Delectus fugiat quia sunt quis. Est fugit quisquam dolorum qui et minima laboriosam. Asperiores dolorum in quae perferendis modi.\n\nSapiente ad distinctio magni voluptas dolore a. Ex illo labore in amet. Veritatis et laboriosam voluptatum fuga.', 0, '2021-04-15 04:49:34', '2021-04-15 04:49:34'),
(19, 30, 'Est illo recusandae placeat deleniti incidunt non.', 'Consequatur quisquam consequatur in aspernatur ipsa sint aut. Provident sequi dolor corrupti iusto. Dolorem cupiditate doloribus sit laborum alias voluptate. Saepe rerum incidunt voluptas quia temporibus id ipsa.\n\nUt veritatis id sed repellendus et. Vel et illo est voluptates tempore velit ipsum. Laborum in corrupti autem ducimus sed ut itaque dignissimos. Non deleniti eum voluptate unde.\n\nQuaerat odit similique sapiente cumque fugit occaecati dolorem. Architecto quia quae veritatis laborum facere. Reiciendis impedit provident non libero unde voluptatibus harum. Explicabo molestiae blanditiis reprehenderit velit quia quaerat.', 0, '2021-04-15 04:49:34', '2021-04-15 04:49:34'),
(20, 30, 'Blanditiis voluptatem quia numquam iste velit rerum.', 'Culpa sed qui vel et. Nisi fuga est ullam minima dignissimos dolores. Et occaecati quia consequatur nulla eos.\n\nEt qui aut consequatur itaque mollitia a modi. Laudantium eum commodi veritatis. Aspernatur ratione incidunt commodi eveniet quam incidunt. Aut est sit ratione voluptatibus ducimus.\n\nNulla illum rerum corporis delectus. Consequatur sequi quidem sit ducimus nobis autem recusandae. Qui nihil rem quidem maxime aut libero.\n\nRerum quasi sapiente error expedita dolor sint non. Odit illum et sint. Aut sint animi a.\n\nTenetur repudiandae saepe dicta ut ipsum atque et voluptatem. Necessitatibus nostrum sunt laudantium rerum.\n\nEt sed architecto non iusto rem. Dolores libero ut praesentium modi. Dolorem qui dolorum et sapiente repellat omnis qui. Laborum sed corrupti autem quam.\n\nExercitationem ea eligendi quis omnis ipsum non quia. Nobis est delectus incidunt qui provident cupiditate. Provident animi atque deserunt eum assumenda cum. Facere sed mollitia exercitationem perferendis consequuntur.', 0, '2021-04-15 04:49:34', '2021-04-15 04:49:34'),
(21, 31, 'Minus ad est incidunt doloremque praesentium maxime et.', 'Eligendi sunt qui dolores. Aspernatur non aliquid maiores vitae doloribus. Quia voluptatem illo natus natus. Voluptatum nemo asperiores labore quo.\n\nUt minus vero omnis porro quam iusto molestiae. Voluptates sed sed aut dignissimos quam voluptate.\n\nDicta reiciendis voluptatibus ipsa nulla illum cupiditate optio. Omnis est hic quod omnis occaecati. Excepturi quia molestias nisi consequatur ea consequatur. Dolore quia pariatur et vel.\n\nDolor tempore voluptates et harum earum molestias. Voluptatum quia at illum cum minima. Error aut nesciunt consectetur impedit dolor.\n\nPorro in debitis maiores et. Culpa delectus facilis eum aut sit temporibus corrupti. Temporibus quis neque perferendis nam nulla. Quia dolorem sit neque voluptatum consequatur.\n\nAspernatur enim sed omnis facere. Earum ratione rerum deleniti et earum quam asperiores ullam. Reiciendis omnis eos dignissimos.\n\nDolores libero neque sed. Voluptatum tempora laborum ab ex. Modi alias placeat quod minima culpa iusto.', 0, '2021-04-15 04:49:34', '2021-04-15 04:49:34'),
(22, 31, 'Velit sapiente eveniet enim cum sunt et nulla.', 'Iusto sint aut omnis adipisci veniam. Dolorum ut sit sed dolor. Repellendus totam dolor et amet vel placeat dolor sed.\n\nQuas tenetur molestias porro modi quaerat. Possimus voluptatum omnis non alias voluptatibus porro veniam est.\n\nAut at quod sit et. Dolorem doloremque magni quos non deleniti a.', 0, '2021-04-15 04:49:34', '2021-04-15 04:49:34'),
(23, 31, 'Repellat aspernatur aut ut deserunt.', 'Temporibus porro itaque voluptates ducimus voluptatum molestias ratione. Non ducimus ea omnis non. Repellendus ut recusandae quaerat delectus a. Et soluta ipsum similique voluptatem cum ducimus iure ullam. Ab exercitationem similique ipsa voluptas ullam mollitia suscipit.\n\nEst et qui inventore nobis inventore fuga assumenda. Quo culpa nobis illum quasi voluptate eos. Totam voluptatem delectus sint molestiae et quo. Animi qui quod tenetur similique.\n\nHic sint fuga dolor a. Doloremque voluptates culpa suscipit rerum magni. Occaecati laudantium non ipsum nostrum doloribus enim.', 0, '2021-04-15 04:49:34', '2021-04-15 04:49:34'),
(24, 31, 'Accusantium eaque autem amet.', 'Molestiae velit qui unde fuga ea voluptatem laborum. Odio doloremque cum sapiente quam similique et. Corrupti quidem vitae ut atque autem repudiandae recusandae.\n\nQuis repellat accusantium iure molestiae. Molestias voluptas voluptate et rerum enim voluptates. Eius eligendi quae ex ipsum nisi veritatis perferendis.\n\nQuia aut reiciendis consequatur officiis corrupti incidunt ea. Ea enim reprehenderit tenetur explicabo.\n\nOmnis velit harum quia quia illum aut veritatis. Recusandae possimus nam soluta similique vero nihil. Saepe rem sed amet.\n\nEum asperiores pariatur repudiandae neque natus laboriosam corrupti. Amet dolorem porro minima. Animi eligendi cupiditate voluptatem rerum sequi.\n\nSit non iure qui eum exercitationem non. Ducimus dolores fugiat suscipit ea. Nisi aliquam illo tempore sed non.', 1, '2021-04-15 04:49:34', '2021-04-15 04:49:34'),
(25, 32, 'Blanditiis dolorem iste praesentium ipsum optio rerum omnis.', 'Autem minus unde dolore fugit possimus. Optio harum voluptatibus mollitia. Aut est placeat dicta ratione ipsam ipsum sunt eius. Illum ut ratione necessitatibus nisi non necessitatibus quasi.\n\nSint quod rerum minus dignissimos. Quod saepe saepe vitae inventore quam alias dolore. Porro odit adipisci dignissimos at.\n\nEos sit ut libero natus at repellendus voluptas. Sapiente quam iste repellendus quo. Iusto quasi porro in voluptate dolores saepe. Consequatur dolorem et culpa corporis aliquam rerum molestiae.\n\nNecessitatibus fugit dignissimos consectetur sed. Qui repellat esse magni sed rerum sed dolore. Et suscipit dolor similique voluptate id et. Ratione qui culpa fuga rerum quaerat. Et est quo fugit odio sit fugit molestiae molestiae.\n\nAut quod est assumenda ut iste vero esse incidunt. Laudantium non voluptatem reprehenderit dignissimos. Qui ex voluptas consequatur sed consequuntur cum. At voluptas quia totam.', 1, '2021-04-15 04:49:34', '2021-04-15 04:49:34'),
(26, 32, 'Iusto quis quidem quos sit sint nulla.', 'Sint aliquid magnam doloremque suscipit ad. Eaque accusamus beatae aut similique soluta. Deleniti voluptate dolorem eius magni delectus corporis sed. Hic itaque eaque aut deleniti sed sit temporibus.\n\nRatione dolorum nihil debitis possimus quo. Ipsam quasi facilis sunt in. Hic repudiandae voluptatem magnam possimus natus est. Esse velit sapiente aut saepe quae iste.\n\nAperiam error voluptas consectetur natus. Necessitatibus saepe doloribus consequuntur nisi nesciunt molestias. Doloremque sit omnis non accusamus neque. Voluptatem laudantium iure quia consequatur quis facere. Qui a ut voluptate nostrum sapiente ducimus.\n\nOfficia esse placeat aperiam voluptatem doloribus ut possimus. Consequatur ullam nobis ducimus doloremque aliquam. Fugit voluptatem vitae nemo doloremque. Eligendi reprehenderit labore consequatur rerum est laudantium doloremque.\n\nDelectus doloribus aut et reiciendis quas ut. Asperiores perspiciatis qui libero. Aut enim consequuntur rerum omnis. Aut ea qui necessitatibus asperiores nihil fugiat.\n\nAccusantium rem deserunt voluptas. Adipisci error perferendis tenetur aliquid. Rem mollitia laboriosam et et voluptas. Omnis natus ea fugiat vero dignissimos maxime impedit laboriosam.\n\nUt nobis sunt et quaerat atque dolorem suscipit. Nostrum vitae aut quis incidunt. In molestiae tempora commodi aut autem quaerat.\n\nOfficiis consequatur eum repellendus. Nesciunt quibusdam molestiae rerum accusamus. Sit ratione quos deleniti velit.\n\nVoluptates nulla a aut eos quos. Autem in inventore iure quo repellat. Qui quibusdam illo ipsam fugit quia ut. In autem soluta molestias doloremque a exercitationem excepturi alias.\n\nNumquam consequatur quo vitae accusamus incidunt dolor. Dolor adipisci accusamus et vel fugit ea. Sequi modi pariatur sit culpa.', 1, '2021-04-15 04:49:34', '2021-04-15 04:49:34'),
(27, 32, 'Sit reprehenderit hic distinctio accusamus corporis enim nobis fugit.', 'Ullam ea ut qui aut reiciendis voluptatem. Consequatur a facilis dolorem neque cum. Perferendis nam sit fugiat aut alias incidunt odio. Est eveniet omnis illo.\n\nCupiditate eaque rem veritatis ab. Molestiae id omnis qui odit nihil ut. Dignissimos quibusdam est cum accusantium a voluptatem consequuntur itaque. Consequatur sit dolore sit.\n\nTotam aperiam reprehenderit in iusto voluptatem. Earum quidem doloremque quaerat perspiciatis reprehenderit qui voluptate qui. Enim officia quia amet voluptatem ea natus quia magni.\n\nVoluptatem deserunt dolor beatae officia. Aspernatur autem dolores nihil. Voluptate nostrum quis omnis exercitationem laborum omnis repellat.\n\nAut saepe libero est quo ipsa. Doloribus quis occaecati debitis. Minima doloribus praesentium sint modi consequatur itaque suscipit necessitatibus.\n\nCorporis aut et quia ut earum illum. Sunt nisi nulla incidunt voluptatum ut nisi. Quod voluptas totam laborum. Aliquid quasi ut aliquid itaque unde enim.\n\nAut id sunt fugit numquam reiciendis quibusdam. Fugiat autem vel aliquid cum excepturi. Sunt eius quisquam ullam qui at sit rerum.\n\nQui repellendus praesentium explicabo ipsa autem. Qui vitae in totam asperiores et sapiente occaecati. Reiciendis nulla et et iure quisquam sequi.\n\nAb corporis molestiae alias vel. Iure deserunt iste impedit atque rem cupiditate. Quae aliquam illum explicabo sit eum quaerat aut aut. Accusantium soluta temporibus illo itaque optio perspiciatis dolor.\n\nId eius ad ut quia quibusdam voluptatem. Omnis quia quo aut architecto numquam eligendi. Delectus unde earum veritatis neque velit sunt beatae.', 1, '2021-04-15 04:49:34', '2021-04-15 04:49:34'),
(28, 32, 'Nam in modi pariatur nihil qui animi eos nam.', 'Similique quidem quos ullam iusto molestiae. Autem voluptatem et vel aliquid. Quia doloremque sapiente qui labore.\n\nDolores sint ut maiores qui quae. Et ipsum sunt nihil nam adipisci. Alias enim accusantium dolor quos harum exercitationem dolorem nihil.\n\nUt deleniti autem sed facere. Et odio quis similique pariatur. Doloribus repudiandae autem repudiandae id.\n\nEt dolores quia minus dolorem tenetur. Molestiae temporibus cumque ex sit magnam. Enim aliquam necessitatibus et. Quia aperiam odio consectetur dicta sunt ipsam. Voluptatem culpa quas repellendus maiores porro modi.\n\nDeleniti consectetur ab nisi unde. At praesentium corporis in harum consectetur.\n\nSoluta id nobis eligendi distinctio enim aliquam. Temporibus aut aliquid eius officiis laboriosam. Eos voluptatibus vitae nesciunt hic non.\n\nAut quo omnis fuga facilis cumque maxime amet. Suscipit occaecati laborum molestiae rerum quos perferendis in. Sed dolorem asperiores sapiente voluptas ipsa tempora labore voluptatem.\n\nNon a deserunt sint porro. Sit voluptas neque quia consequatur maiores consequatur. Ad quae voluptatibus assumenda corrupti non.\n\nReiciendis eos illo qui velit sed. Accusamus quas minus ea harum. Officia quibusdam et consequatur quidem a vero consequuntur. Occaecati hic et asperiores maxime eaque id.', 0, '2021-04-15 04:49:34', '2021-04-15 04:49:34'),
(29, 33, 'Eos eaque inventore eligendi corrupti.', 'Ut nihil eligendi praesentium tempora molestiae quia ea. Quas quas voluptatem aliquam provident numquam. Eveniet commodi nemo nostrum illo alias error unde consequuntur. Libero nobis at asperiores minus minus rerum. Libero qui quia fugiat qui sed consequatur voluptates quasi.\n\nDeserunt eum culpa vel et et. Nulla repellat qui reprehenderit sit praesentium. Voluptas labore voluptatem aspernatur sunt voluptatum eos reprehenderit error. Dolorem aut optio et quis ducimus rerum fugit id.\n\nUt illum omnis quia autem repellat in. Et est et velit magnam numquam deserunt nesciunt. Minus consequatur accusamus repellat maxime iure numquam totam.', 1, '2021-04-15 04:49:34', '2021-04-15 04:49:34'),
(30, 33, 'Doloremque corrupti ut porro.', 'Velit qui autem et est. Quas quod nemo quaerat expedita aliquam ullam odio tenetur.\n\nNisi natus amet ducimus ipsum dolores. Labore voluptate distinctio voluptas aut omnis. Ratione reiciendis deserunt dolorem saepe eaque consequuntur impedit voluptatem.\n\nAccusamus soluta veritatis corrupti. Qui ad quia eveniet quo. Occaecati atque rerum error laborum non. Tempora quo nisi eos quidem quia et non.', 1, '2021-04-15 04:49:34', '2021-04-15 04:49:34'),
(31, 33, 'Iusto voluptatibus sunt adipisci culpa explicabo nesciunt.', 'Perferendis labore asperiores itaque id quia sequi in. Beatae optio atque quod esse exercitationem reprehenderit et. Odit nisi id earum quae temporibus dolores id aut.\n\nArchitecto totam in velit provident. Porro et neque sit rerum quo rerum hic. Sunt architecto non sint itaque et tempora. Dolores accusamus et inventore atque.\n\nFugiat architecto vero sunt culpa quae hic velit. Eum quaerat animi quia. Dolor dicta repellendus at placeat expedita a explicabo.\n\nOccaecati tempore dignissimos eaque molestias error quae hic. Libero facilis non quo odit error vero quam fugiat. Omnis labore aut veniam nam exercitationem necessitatibus. Assumenda saepe tenetur et consequatur eveniet eaque beatae.\n\nRepellat tenetur aperiam suscipit est dolores occaecati. Est et et nesciunt error doloremque.\n\nQuam deserunt ea explicabo optio dolorum nisi architecto. Voluptatibus dolor minima iure iusto adipisci qui excepturi. Placeat debitis sit quibusdam in. Est quia maxime eum dicta.', 1, '2021-04-15 04:49:35', '2021-04-15 04:49:35'),
(32, 33, 'Voluptatem reprehenderit quam enim.', 'Qui hic et dolor numquam. Numquam enim nihil voluptates aut blanditiis. Vitae distinctio reiciendis modi voluptas et. Ullam cumque sequi consequatur tempora in.\n\nDucimus atque vero consequatur non iste quia aut. Est accusantium tempora sed nostrum a. Atque voluptatem ducimus quia non voluptatem. Occaecati temporibus consequatur corporis eveniet incidunt et blanditiis.\n\nNatus in illo necessitatibus tenetur. Minus nisi saepe maxime et. Voluptates est in possimus nam sequi ipsam. Itaque quis architecto tempora labore.\n\nIure perferendis voluptatem vitae unde sunt fugit nobis. Deserunt pariatur qui praesentium dignissimos. Quisquam dolore qui sit aut odit est dignissimos.', 0, '2021-04-15 04:49:35', '2021-04-15 04:49:35'),
(33, 34, 'Modi et consequatur voluptatem corrupti.', 'Magnam est aliquid molestias eaque. Quis ipsa aperiam ut quisquam nobis. Dolore nisi ducimus dolor occaecati at et laboriosam. Libero laboriosam est perferendis.\n\nAutem veniam et officia et molestiae iste harum. Quibusdam saepe fugiat molestias earum ut. Fugit incidunt illum impedit provident quis qui cumque. Temporibus facilis quidem architecto iste nemo consequatur nulla molestiae.\n\nMaiores culpa at similique veritatis expedita. Assumenda ipsa dolorum ut nemo doloremque. Voluptatem quos doloribus eos laudantium soluta.\n\nQuas totam mollitia aliquam eum. Id sed qui architecto aut. Architecto et iste ad.\n\nExcepturi pariatur aut rerum non quasi non. Praesentium qui voluptatum magni suscipit saepe fuga. Laborum in et delectus ut quaerat aut dolore. Porro quia ad sequi minus.\n\nVoluptatem magni at tempore earum. Enim repellat et sed id voluptate quia molestiae saepe. Qui suscipit veniam in consequuntur quia qui.\n\nPraesentium officiis laborum impedit iste. Saepe exercitationem ut tempora et aspernatur. Suscipit repellat in facilis vitae cum. Sed eos non voluptates voluptatum optio voluptatum veniam.\n\nMinus perspiciatis est in numquam commodi non consequuntur. Dicta voluptas saepe nesciunt facilis culpa voluptas aut eius. Saepe nulla beatae optio voluptas. Ea sunt ut earum vero.', 0, '2021-04-15 04:49:35', '2021-04-15 04:49:35'),
(34, 34, 'Laborum in totam aut.', 'Architecto est expedita dignissimos in repellat aliquam ab. Voluptas enim odit sit facilis omnis. Sit nobis temporibus fugiat sed repellat et reprehenderit.\n\nIste esse rerum veniam est. Alias nihil ipsum distinctio rerum a ratione porro.\n\nQui labore odit quisquam voluptatem ea enim excepturi aliquid. Nihil omnis est est. Impedit dolorum eius et dolor voluptas non enim. Molestias ea iure earum eius assumenda tenetur consequatur.\n\nDebitis quos sed ut voluptatem velit. Quia quibusdam voluptas qui voluptatem officiis aliquid. Fuga numquam consequuntur earum aut iste. In sapiente eos et.\n\nEt molestiae consequatur quos libero iusto doloremque eos. Aliquam culpa ad nemo magni animi et quisquam. Voluptatem corporis tempore voluptatibus distinctio similique.', 0, '2021-04-15 04:49:35', '2021-04-15 04:49:35'),
(35, 34, 'Recusandae dolores et non voluptatem sit et aperiam.', 'Magnam ea quam totam nostrum animi. Animi in accusantium et aperiam temporibus eum quae temporibus. Recusandae omnis ipsum placeat ipsa. Et magni nam cupiditate.\n\nEnim illo laudantium dolore deserunt assumenda. Molestias quia inventore voluptatibus aut cupiditate eos. Ea temporibus sit veniam quibusdam quis.\n\nConsequuntur et sit praesentium quasi maxime ad saepe. Autem doloribus qui excepturi maiores ea. Accusamus quae facilis et totam nam. Voluptatum ut voluptate est facere sit et.\n\nEst doloribus non quae qui excepturi. Nihil rem est incidunt id. Nam optio sed culpa voluptas. Ullam enim voluptatum non a laborum ea qui voluptate.\n\nUt ut sit soluta omnis temporibus. Et praesentium autem excepturi odio et. Harum autem sint modi quo enim ipsum consequatur. Ea aspernatur non recusandae quos sit nulla.\n\nQui nihil quaerat magnam et placeat temporibus. Ut esse quis explicabo rerum doloremque dolorum.\n\nEt est illum in facere neque. Impedit est molestiae temporibus. Et est eveniet eligendi culpa. Dolorum cum omnis iure molestias sit quisquam enim.\n\nQuia a quibusdam temporibus rerum ipsa ullam eos. Sint beatae deleniti est deserunt ipsum vel. Rerum sint voluptatem est quod. Odio modi eos amet impedit.\n\nSoluta id a sit minus. Dolorem perferendis ullam quidem. Repellat consequuntur doloremque sed labore qui aspernatur in. Molestias ipsum aliquid earum enim dolor beatae officiis. Illum sequi perferendis vel voluptatem repellendus nam cupiditate porro.\n\nError officiis odit vero quae sit. Dolorem qui non consequatur eum. Occaecati debitis in delectus expedita rerum.', 0, '2021-04-15 04:49:35', '2021-04-15 04:49:35'),
(36, 34, 'Et eum praesentium numquam deserunt velit atque.', 'Dolore sit nulla temporibus omnis dolores laborum quos. Qui explicabo qui et quo vitae aut animi laudantium. Et ullam deleniti voluptate dolor qui autem.\n\nAccusantium dolorem ut et doloribus. Est non porro eveniet officiis et at. Non iure omnis voluptatibus voluptatem suscipit aut vitae ut.\n\nQui occaecati ipsa nulla accusantium tempora illo debitis fugiat. Unde harum rerum est ipsam eum. Assumenda corporis et praesentium repellendus aut in ut. Fugit laudantium et molestiae voluptatem incidunt. Saepe aliquam vel sunt atque perferendis dicta sit.\n\nUt quia culpa magni omnis. Est dicta est dolore consequatur omnis. Sit libero ex quo repudiandae. Ratione laboriosam doloribus vel a ea est aliquid. Delectus unde est impedit nulla quo.\n\nEarum molestiae facilis quasi ut reiciendis. Aspernatur molestias voluptas molestias et voluptatum. Praesentium quia id ut. Sit consequatur assumenda tempore eos hic et est nesciunt. Ad voluptatem perspiciatis non beatae sed in sed.', 1, '2021-04-15 04:49:35', '2021-04-15 04:49:35'),
(37, 35, 'Assumenda eum veniam aut nam eos.', 'Consequuntur enim dolorum rerum. Voluptatem quaerat eveniet ex veniam iure impedit repudiandae. Sed incidunt modi ea modi impedit neque enim. Minus quas eveniet sit eos omnis consequatur sit.\n\nAut dolor nisi aut recusandae. Quas amet id ex dicta. Corrupti ipsum saepe cum dolor ut non.\n\nVelit quia autem ad at ratione aut. Perferendis totam et explicabo et quia neque tenetur. Reiciendis veniam quia quisquam et. Deserunt ab voluptate quis dolor.\n\nQuis voluptas eum asperiores ut. Illum fuga ad et soluta ducimus quidem maxime. Soluta explicabo labore eos dolor in consectetur.\n\nEst aspernatur quis nesciunt. Numquam molestias vel tempore fuga est. Est similique quasi ea aperiam voluptates enim aliquid illo.\n\nItaque quod enim nostrum sed pariatur deserunt nihil. Molestiae est et deserunt omnis voluptatum magni cumque. Nulla odio quisquam ut qui repellat id.\n\nMolestias rem consequatur dicta consequatur nisi. Sit sint voluptas voluptas eos delectus. Optio eius velit dolore sed illum rem. Aut aut iusto aut ad inventore.', 1, '2021-04-15 04:49:35', '2021-04-15 04:49:35'),
(38, 35, 'Voluptates dolores optio atque et ratione et sit.', 'Optio sequi sed expedita exercitationem error laborum at. Corrupti aut mollitia maxime quia et dicta animi. Id laborum voluptatum dolores praesentium repellat. Aut nemo laboriosam quia libero.\n\nLaudantium voluptatibus quidem ea autem ullam dolores fugit. Doloremque assumenda itaque et vitae vero. Enim provident voluptas iste nesciunt cumque vel qui.\n\nDicta et et similique nisi quibusdam quidem. Esse sint recusandae autem a. Quaerat deserunt iusto suscipit saepe doloremque soluta.\n\nEsse consequatur sed perspiciatis molestias aspernatur ratione quia. Sint officia eos qui necessitatibus. Dolorum architecto et sed illum neque fuga hic ex. Autem fugit sequi doloremque minus maiores magnam.\n\nSapiente saepe maiores nihil officiis ad consequuntur voluptatem sit. Dolorem fugit aperiam ipsum beatae enim distinctio ab. Hic perferendis consequuntur quae suscipit rerum esse et.', 1, '2021-04-15 04:49:35', '2021-04-15 04:49:35'),
(39, 35, 'Quos ab sed assumenda qui.', 'Adipisci illo dolores quibusdam quo odit. Fuga aliquam ea ullam enim tenetur eveniet deserunt. Eum itaque molestias rerum.\n\nNon cupiditate quia a. Et voluptatem quia quam et quo dolorem. Voluptatem dicta quisquam ipsam perferendis ipsa. Incidunt commodi et necessitatibus quaerat optio.\n\nDolorum hic animi asperiores et voluptates. Perspiciatis nemo omnis fuga laboriosam. Impedit est doloremque eaque quis numquam.\n\nId quas et tenetur perspiciatis tenetur culpa. Aut id consequatur tempore esse. Quo nihil vitae repellendus.\n\nRem maiores provident quia deleniti inventore accusamus omnis ab. Voluptatem eum fuga sint. Facilis quas quos dolore molestias suscipit iusto.\n\nEt aut facilis a alias commodi. Ut et nulla placeat doloribus enim. Quia et sunt qui nesciunt aperiam. Dolorem laborum sit dolore facere.', 0, '2021-04-15 04:49:35', '2021-04-15 04:49:35'),
(40, 35, 'Quibusdam omnis vero quia aut voluptates consectetur minus et.', 'Esse et esse maiores. Rem exercitationem optio possimus cupiditate natus. Sed quidem quo officiis cumque vel quidem aperiam.\n\nAut ratione magni mollitia dolores dignissimos et velit. Quia quo illo omnis cupiditate illum illo est. Iste eum temporibus maiores porro. Numquam quibusdam adipisci praesentium deleniti incidunt error.\n\nDebitis error harum optio nihil quisquam. Eos alias natus fuga laudantium adipisci consequatur saepe. Dolorum et quas pariatur asperiores commodi qui quo.\n\nVeritatis voluptatibus in quas soluta. Voluptate tempora ex quia. Maiores et quae voluptas minus optio ratione.\n\nNihil pariatur eos tempore ea. Debitis sunt sed ex atque. Aliquam vel natus deserunt quod. Inventore quia inventore asperiores. Ipsam illo ut autem commodi vel quo quia.\n\nDicta dolorum dolorem voluptatem quisquam. Ipsam atque saepe quisquam sequi qui nulla. Eaque ut quis beatae vel dolore nisi itaque. Iure est cum qui porro assumenda.', 1, '2021-04-15 04:49:35', '2021-04-15 04:49:35'),
(41, 36, 'Exercitationem et doloribus voluptas molestias.', 'Eaque nam repellat accusantium accusamus laborum tenetur. Amet adipisci mollitia omnis et nam.\n\nProvident qui aperiam rerum mollitia quibusdam inventore. Illum suscipit doloribus odio ullam et. Et minus et similique expedita ipsum aliquam.\n\nAliquid quo quidem quisquam ad. Odio dolorum quidem rem at repellat. Sint ducimus ut et molestiae ducimus sint facilis.\n\nDolorem sed id quas laborum voluptatum. Omnis quia perspiciatis vitae ipsam cupiditate voluptate. Facilis voluptatum accusantium excepturi perferendis. Cum qui cupiditate dicta consequuntur.\n\nQuo dolor exercitationem saepe perferendis. Maiores tenetur ea ad nam iste. Quis dolores consequatur vitae dolorum et. Consequuntur rerum nulla soluta doloribus provident ipsam omnis quam. Eum quaerat vel cumque molestiae et est.\n\nCorrupti assumenda sit porro ducimus iste quia ratione. Dolorum asperiores qui ut dolor.\n\nDolore maxime nostrum a fugit nam tempora. Error earum accusantium sed ut. Modi ratione eveniet aut dolor.', 0, '2021-04-15 04:49:35', '2021-04-15 04:49:35'),
(42, 36, 'Et repudiandae omnis nihil dolores ipsam.', 'Quis iure est neque omnis culpa pariatur repudiandae incidunt. Et laudantium et aspernatur ipsum dolores.\n\nDucimus eos iusto at eveniet est. Sit voluptatem voluptatem commodi eos maxime nihil molestiae. Esse dolor voluptatum magnam temporibus voluptas maxime. Voluptas temporibus nesciunt dolor voluptas voluptates a amet.\n\nRerum amet sequi veniam ad natus animi voluptatem. Accusamus rem libero velit similique ipsam quibusdam. Dolores aut nisi soluta odio quia et.\n\nBlanditiis veritatis quia error excepturi ducimus aperiam quia. Odit adipisci velit cupiditate accusantium nesciunt. Magni at officiis asperiores et accusantium neque dolores.\n\nDolorem repudiandae illum iure eos. Voluptas qui in magnam temporibus consequatur nostrum. Exercitationem at soluta sunt beatae. Quia corrupti voluptates omnis est dolores. Ab facere cum odit error.', 0, '2021-04-15 04:49:35', '2021-04-15 04:49:35'),
(43, 36, 'Veritatis earum et suscipit et quod quidem.', 'Odio incidunt sit eius voluptas repellat veniam. Quibusdam veniam aut earum accusamus amet illo doloremque. Ut error dolores laudantium dignissimos. Nam nostrum error et totam repellendus.\n\nModi atque nisi quidem neque veniam. Minus qui tenetur aut deserunt at ut. Aut commodi soluta voluptas. Facere velit quidem voluptatem modi.\n\nEum eius est sunt est aut. Quaerat possimus nobis sunt omnis. Totam vero dolores corporis voluptatem harum provident repudiandae. Sed quaerat soluta quidem ut enim delectus.', 0, '2021-04-15 04:49:35', '2021-04-15 04:49:35'),
(44, 36, 'Alias laudantium praesentium molestiae nihil fugit repellat aut laudantium.', 'Aspernatur rerum dolor laboriosam eum. Molestias cum assumenda ut qui. Consectetur eos explicabo sit minima.\n\nQuibusdam mollitia saepe rerum minima veniam in. Ratione enim harum sunt vitae ad. Fugit ut qui aut et omnis itaque sed. Dolorem in quia repellendus omnis reprehenderit rem.\n\nEt consequatur mollitia qui dolor sit. Sequi nam est quibusdam. Sunt aliquid sed mollitia id. Et vero laudantium esse assumenda.\n\nPraesentium deleniti delectus pariatur et. Voluptatem cum cupiditate rerum praesentium dignissimos omnis. Magni aut maiores enim quasi ut.', 1, '2021-04-15 04:49:36', '2021-04-15 04:49:36'),
(45, 37, 'Omnis ut alias quaerat sint eaque.', 'Reprehenderit non est reiciendis. Ex aliquid voluptates deleniti corporis ullam. Est aut accusantium omnis voluptatem eum qui.\n\nEos molestiae quisquam laboriosam non voluptas ab. Quo quaerat rem ea iusto neque nesciunt et. Deleniti nihil iusto sunt sit incidunt omnis.\n\nLaboriosam est sunt doloribus est nihil molestiae. Et est minima adipisci voluptas. Deleniti est impedit sequi amet natus. Dolor ut consequatur error facilis eligendi aut nisi.\n\nAspernatur alias necessitatibus nihil aperiam quo voluptatem. Odit voluptatem molestiae assumenda quo. Fugiat dolores aut rerum sunt necessitatibus numquam voluptatem. Repellat molestiae repudiandae aut ab.\n\nMolestiae delectus cum ducimus aut vitae quam. Sint quibusdam deleniti asperiores ipsa doloremque placeat quas. Dolores dignissimos velit sit sit rem.\n\nArchitecto consequatur voluptatum qui quibusdam. Molestias consequuntur ex dolorem aut qui quia aliquam. Qui aut voluptatem fugiat molestiae maxime. Similique modi eum vitae.', 1, '2021-04-15 04:49:37', '2021-04-15 04:49:37'),
(46, 37, 'Voluptates sunt id excepturi.', 'Eveniet ab laborum commodi quas unde. Ipsum nihil libero deleniti ea. Necessitatibus et ad voluptatem qui.\n\nDeserunt error et eum sit a dicta. Voluptatum sed culpa ut voluptate dolorem omnis.\n\nRepellat sed earum vel et sunt at eum. Et harum in amet enim eius perspiciatis nemo consequuntur. Corrupti rerum alias nam veniam sed quia in.\n\nOfficia in vero enim excepturi. Odio ipsam nobis qui ut. Accusamus corporis odio amet repudiandae qui culpa nobis.', 1, '2021-04-15 04:49:38', '2021-04-15 04:49:38'),
(47, 37, 'Non animi saepe modi incidunt omnis perspiciatis quo.', 'Eum voluptate praesentium dolorum. Atque et totam doloribus repudiandae facere quaerat labore. Adipisci dignissimos et vel beatae inventore. Nemo aliquid debitis dolor officia.\n\nEum consequatur adipisci quia impedit voluptates. Nostrum eum aut praesentium et est. Magni qui sit vel illum fugiat a. Voluptas ut enim incidunt.\n\nEst rerum magni minima iure corrupti consequuntur et. Libero sed voluptatem aut eius laborum sequi. Omnis excepturi et natus quam rerum magni sed. Laudantium labore ut aut.\n\nSoluta asperiores sunt et qui beatae. Autem dolorem temporibus est sed et et sit fugit. Aut similique dolorum minus inventore animi quas eius. Quaerat quibusdam aut animi soluta placeat dolores.\n\nUt ipsa incidunt eos et. Est itaque est consectetur. Mollitia sequi non accusamus ducimus sequi quia.', 1, '2021-04-15 04:49:38', '2021-04-15 04:49:38');
INSERT INTO `posts` (`id`, `user_id`, `title`, `content`, `published`, `created_at`, `updated_at`) VALUES
(48, 37, 'Natus aut a delectus.', 'Ipsa sunt impedit eos. Iure est corrupti amet dolorum. Id aut deserunt omnis hic quae sapiente.\n\nBlanditiis harum enim et quia. Ut corporis omnis blanditiis et. Accusantium minima expedita consequuntur rerum vel placeat. Libero voluptas quos dignissimos molestiae vero.\n\nMinima et consequatur repellat voluptas. Qui doloremque tempora corporis ducimus numquam voluptas.\n\nCum alias voluptatem soluta. Ea minima aut id ipsum. Maxime voluptatem dolores rerum nihil qui soluta non. Eum commodi unde nulla commodi possimus animi voluptate.', 1, '2021-04-15 04:49:39', '2021-04-15 04:49:39'),
(49, 38, 'Earum animi numquam et.', 'Animi qui eos ut dolor. Omnis accusantium modi aut nisi magnam. Numquam ut iste odio ut cum. Rem sit est non quibusdam.\n\nVero saepe eum error dolores incidunt. Omnis consequatur corporis ut. Nobis quos maxime et et. Consequatur dolorem tempore quidem magnam.\n\nSapiente non repudiandae molestiae officiis eos a quia. Nemo velit placeat id minima non error. Distinctio aut debitis quia. Reiciendis est eligendi voluptas labore deleniti incidunt voluptas.', 0, '2021-04-15 04:49:39', '2021-04-15 04:49:39'),
(50, 38, 'Est deleniti doloribus sed et temporibus.', 'Vitae autem amet est atque corporis eum accusantium nobis. Ab iste dolorem velit et impedit illo. Id odio nemo mollitia voluptas delectus qui corrupti. Dolores voluptatem quia fuga beatae assumenda natus.\n\nAd at et debitis voluptatem rerum. Recusandae magnam quo omnis inventore natus et. Accusantium aut est tempora voluptatem aut.\n\nId voluptatem quod explicabo velit recusandae illum fugit. Voluptates laboriosam modi aspernatur. Ut libero voluptatibus magni. Magni ea ad aliquid quod error voluptatem officia.\n\nOmnis et et amet deserunt nobis laborum velit. Numquam a est autem tempore tempora debitis. Placeat placeat nulla quia consequatur veritatis.\n\nSint iste est iure illo illo quasi. Quo adipisci facere unde et. Optio nostrum optio quod necessitatibus error animi ipsam.\n\nMaiores voluptatibus architecto nihil quibusdam tempora voluptas. Minus nihil non quia voluptatibus aliquam officia sint. Vitae eum excepturi quos in.\n\nQuo quia sit est eum laboriosam. Consequatur deserunt rerum rerum nisi repellat. Sed fugit quo enim rerum voluptatem error ullam. Nulla quasi enim fugiat sed provident et qui saepe.', 0, '2021-04-15 04:49:39', '2021-04-15 04:49:39'),
(51, 38, 'Qui nesciunt dicta voluptatibus odio.', 'Illum dolor voluptate voluptatum rerum. Dicta nobis dolores eius voluptate veniam ipsum. Totam non ut quaerat maxime. Itaque qui omnis ut odit molestias nisi. Et repudiandae ab cupiditate debitis fugit labore.\n\nDolorem vitae voluptas provident mollitia ut sunt. Numquam id molestiae quia. Temporibus omnis quia in qui sint.\n\nOmnis omnis reprehenderit voluptatem tempore facere culpa reprehenderit. Optio dicta rem optio earum. Omnis qui inventore omnis asperiores.\n\nDolores tempore consequatur placeat soluta illum id. Dolorem quidem consequatur id corrupti eius rerum deleniti amet. Officiis cum dolorem nemo ut et sint aperiam. Ad a sed architecto optio voluptatem qui nulla.\n\nLibero aut et officia rerum a. Voluptate deserunt ut vel eius ipsum quam nam. Aut suscipit sint illum qui repellendus reiciendis.\n\nQuisquam reiciendis voluptatem modi quisquam inventore fugit. Odio voluptatibus in fugit cumque quis doloremque eius. Sed accusamus hic sed illo hic fugiat numquam eum. Dolorum itaque eius explicabo repellat quo.', 1, '2021-04-15 04:49:39', '2021-04-15 04:49:39'),
(52, 38, 'Sint possimus sed id voluptas dicta.', 'Aperiam aut aliquam voluptates et ut. Alias perferendis quia asperiores dignissimos amet quasi provident sequi. Ipsam cum tempora animi incidunt reprehenderit veritatis odio est. Eveniet recusandae consequatur ut dicta dolorem et.\n\nPerferendis earum non numquam neque blanditiis labore et rerum. Quia est quibusdam quisquam animi exercitationem aut nisi. Aut qui laudantium blanditiis at. Nemo enim velit sapiente possimus.\n\nConsequatur ut autem dolorem et error molestiae deleniti rerum. Aliquam aperiam illo omnis debitis eum consequuntur. Facilis velit quae suscipit. Vero sint nobis repellendus voluptate ducimus.\n\nEum exercitationem quo aliquam voluptatem. Odio molestiae quam quisquam consequatur qui.\n\nIpsa voluptatum modi dolores quas quasi id. Quia est hic quam placeat aliquam mollitia. Sed veniam omnis facilis ducimus et.\n\nEt omnis odit animi dolores. Autem dolor dolore eos dolor. Accusamus mollitia mollitia delectus qui laboriosam molestias accusantium.', 1, '2021-04-15 04:49:40', '2021-04-15 04:49:40'),
(53, 39, 'Quia perspiciatis expedita earum velit omnis.', 'Id aspernatur veritatis velit accusamus soluta. Beatae mollitia quis rerum necessitatibus vel inventore. Sequi beatae doloribus et voluptatem debitis saepe. At itaque quia dolor vitae.\n\nId vitae fugit quis labore quia et. Similique rerum repellat praesentium ut minus error. Possimus omnis vitae beatae odit a. Aut pariatur deleniti maxime porro in est in.\n\nSed quas accusamus velit ex ab repudiandae laboriosam. Facilis tempore aut cumque enim. Soluta voluptas eaque in ut enim illum accusamus. Dicta optio quis non pariatur illum nesciunt voluptatum consequatur. Illo rerum neque suscipit ad voluptas omnis alias.\n\nEt sit enim distinctio ex aut cupiditate. Est omnis dolorum voluptas veniam nesciunt. Eligendi ea sed voluptatem corporis a. Qui suscipit quibusdam debitis officiis qui.\n\nIn eum nostrum doloribus repellendus dignissimos. Autem aliquid a sit sint et aliquid. Et iusto suscipit eius numquam repellendus.\n\nUt tempora mollitia qui quam delectus beatae eos. Qui ab dolore veritatis vitae sit rem.\n\nNon architecto et recusandae architecto rerum. Et et ipsa consectetur. Voluptatem consequatur dignissimos debitis velit.\n\nImpedit perferendis ut et. Dolor sint officia vel.\n\nNisi aliquam corporis unde est. Harum fugit dicta qui. Libero repellendus delectus rem sit culpa saepe. Accusamus labore ut omnis iure cumque quos placeat nihil.\n\nDistinctio esse dolorum reiciendis odit distinctio sequi autem. Aut mollitia eos occaecati doloremque ipsum autem. Eos sint ipsam nihil dolorum assumenda.', 0, '2021-04-15 04:49:40', '2021-04-15 04:49:40'),
(54, 39, 'Est ut vero non incidunt ut corporis ut.', 'Illum rerum in voluptatum perspiciatis est ipsum qui. Esse dolor fugit libero debitis sequi quia molestiae. Eaque voluptatum et atque veritatis doloribus et alias voluptatem. Voluptatem ratione et dolorum consectetur dolor est.\n\nEst nesciunt quidem error excepturi amet excepturi. Saepe eligendi quos dignissimos quia blanditiis.\n\nQuo placeat debitis in natus amet eveniet. Ducimus voluptatem rerum impedit illo dolore optio.\n\nAut et magnam odit saepe. Quis aut voluptates autem architecto. Temporibus distinctio saepe atque ullam nisi. Assumenda est porro aspernatur.\n\nBlanditiis distinctio sit qui omnis at. Odit qui quia enim dolores quaerat molestiae. Quo quo assumenda ipsa omnis qui ducimus. Ullam nihil ut qui.', 0, '2021-04-15 04:49:40', '2021-04-15 04:49:40'),
(55, 39, 'Ipsam aut sint quia fuga et aut.', 'Ea modi eos libero ducimus. Cum velit laboriosam qui expedita voluptatem. Labore temporibus blanditiis reiciendis vitae ut. Error rerum vitae autem.\n\nNeque quo ut ratione sunt optio repellendus ea. Tempora unde earum aut repellendus ea itaque est quia. Non beatae consequatur in quis eaque laborum consequatur. Porro qui ipsum est odio natus.\n\nQuis corrupti id cupiditate vitae animi ut et. Aut nisi officia ducimus error dolorem amet. Dolor animi et nam beatae.', 0, '2021-04-15 04:49:40', '2021-04-15 04:49:40'),
(56, 39, 'Veniam eveniet aspernatur accusantium sequi temporibus ut asperiores porro.', 'Vero qui atque similique harum quis facilis. Nesciunt ex deserunt quod quae et. Est magni repellendus dicta delectus asperiores maiores libero consequuntur.\n\nAperiam quia suscipit alias velit quisquam autem soluta. Id enim repellendus voluptatum iure. Ut vitae expedita saepe non adipisci saepe repellat et.\n\nIusto voluptate quis et ipsa consequatur error hic. Optio necessitatibus est et voluptas quasi sunt ipsum. Qui sapiente perferendis omnis recusandae molestiae.\n\nVoluptatem culpa dolores consectetur nam pariatur dolores excepturi. Sunt id porro voluptas corporis qui mollitia. At possimus eius modi rerum. Ut labore voluptatem at corrupti ea porro. Qui repellat maxime sunt fuga rerum nulla eligendi.\n\nAdipisci qui illum libero doloremque maxime non a. Vitae id vero quos rerum. Quo rerum sint et accusamus at aut quo. In occaecati quasi esse aliquid aspernatur architecto nobis.\n\nDucimus voluptatem vitae quibusdam esse molestias minima suscipit. Sit quisquam ea nisi rerum nisi.\n\nSit beatae alias est ut. Inventore nulla architecto mollitia aut autem. Harum deleniti nemo sed et sit aperiam architecto. Quaerat eaque excepturi illum porro.\n\nOfficiis in exercitationem labore aliquid eum tempore. Magni velit quibusdam et et tempora beatae. Eos ipsam minus unde et. Non quis laudantium eum veniam debitis fuga quo. Omnis et enim et quae vitae.', 0, '2021-04-15 04:49:40', '2021-04-15 04:49:40'),
(57, 40, 'Doloribus at esse et architecto fugiat deserunt.', 'Et tempora ut molestiae sint ea esse ullam in. Quasi nemo molestiae omnis earum natus nisi distinctio. Placeat adipisci veritatis reprehenderit omnis beatae omnis. Distinctio ut error ea ex ut.\n\nUt beatae odit ipsam nihil rerum. Odio sapiente mollitia tempore porro cum. Et facilis modi voluptatem.\n\nEt neque sint provident blanditiis ad magni repellendus. Modi blanditiis est cum aspernatur voluptatem voluptas. Expedita qui omnis voluptatem quasi quia. Non et quod necessitatibus quaerat rerum quas.\n\nDeleniti odio voluptatem blanditiis reiciendis. Unde excepturi dolorum sit quis. Quas sed vel et et. Harum sint placeat consequatur.\n\nOptio itaque repudiandae qui expedita omnis. Iusto eum blanditiis praesentium aperiam non qui delectus. Unde sunt minus qui dolorum.\n\nPerspiciatis minima voluptatem autem occaecati totam. Veritatis id sint et officiis non consectetur labore. Eos natus animi architecto amet officiis officia sequi itaque.\n\nNon aut id consequatur omnis sit nulla. Asperiores consequatur harum nobis earum voluptatibus assumenda exercitationem quo. Voluptas sint enim eius. Aperiam ut aut corrupti consequatur harum illo neque laborum.\n\nDistinctio in ex doloribus est. Amet laudantium et magni dolorem qui. Et beatae sit earum labore.\n\nUt laborum aut doloribus. Numquam rem nam quis enim tenetur debitis. Omnis sunt dolorem harum.\n\nCorrupti placeat reiciendis ut rerum voluptatum. Non impedit totam quaerat aut natus doloribus modi. Nisi molestiae cupiditate est sit. Aut quasi et dignissimos impedit consequatur architecto aut.', 1, '2021-04-15 04:49:40', '2021-04-15 04:49:40'),
(58, 40, 'Enim est ipsa minima voluptatem delectus.', 'Id facere aut aliquid aliquam. Laborum maiores ratione perferendis dolorum tempore aspernatur laudantium qui. Ipsa molestias quibusdam inventore.\n\nQuo voluptatem repellat repellendus voluptas. Doloremque quod debitis deleniti debitis doloribus rerum at. Et magni quia at quas.\n\nNecessitatibus voluptates in quo delectus. Aperiam harum in dolore ipsum eligendi. Tempore in nisi fuga.\n\nRem magni dolores consectetur rem. Beatae sequi ab fugiat beatae recusandae alias. Quia porro aut autem. Sit aut illum rerum ad incidunt.\n\nAsperiores totam consequatur nam impedit repellat. Sed iste possimus quaerat eos quae rerum. Qui omnis porro tempore.', 1, '2021-04-15 04:49:40', '2021-04-15 04:49:40'),
(59, 40, 'Asperiores nostrum enim tenetur aspernatur expedita minus.', 'Velit qui saepe temporibus nam. Architecto sed vitae fuga recusandae necessitatibus assumenda quos.\n\nNeque sunt necessitatibus aliquid ea soluta alias. Et qui et totam vel odio voluptate. Voluptate aperiam quia consectetur iste repudiandae qui dolore voluptatum.\n\nEum necessitatibus officia totam qui saepe modi voluptatibus. Voluptas dignissimos nisi aut id blanditiis. Reprehenderit quis qui ut inventore nihil est et. Nostrum aut pariatur ducimus expedita pariatur autem animi.\n\nEt aut assumenda unde quo. Sint atque aliquid quibusdam in. Sed eum ipsum officia. Molestiae et sequi quo sunt labore.', 0, '2021-04-15 04:49:41', '2021-04-15 04:49:41'),
(60, 40, 'Iste sint optio rerum architecto sit dolor omnis.', 'Maxime quas nihil voluptatem expedita quia dolores magnam. Sapiente veniam facilis adipisci modi ut. Doloremque incidunt dolore corrupti ullam quam sed. Earum iste non maxime recusandae ut aut voluptas. Quisquam quasi rem et temporibus praesentium illo.\n\nId sed asperiores molestiae tenetur error vero. Et excepturi placeat non dignissimos. Necessitatibus nobis asperiores eum voluptatem quia officiis.\n\nDebitis tempore dolores ab et iste eos et. Minus ad numquam dicta. Aut vero ullam qui et facilis voluptates quod ut. Ea eius et non nulla.', 0, '2021-04-15 04:49:41', '2021-04-15 04:49:41'),
(61, 41, 'Fuga ut dolor perferendis.', 'Alias aut quis enim molestias at aspernatur non quisquam. Quae autem in labore consequatur sit molestiae. Amet in aut reprehenderit. Ullam quia perspiciatis quisquam dolores.\n\nNon porro sint similique qui laudantium. Ad sit beatae officiis qui tenetur dolor. Odit nesciunt voluptate doloribus nihil sed in. Magni perspiciatis et harum voluptatibus placeat ab harum. Fugit error et dolorem et exercitationem.\n\nNam atque nisi fugiat quo velit. Voluptas hic et officiis quis est ut quisquam. Quis labore voluptatem sit et quia sunt numquam quo. Ad nulla quo voluptates.\n\nNulla quidem tempore accusantium iusto aut necessitatibus ut. Quidem sed hic exercitationem dolore omnis qui ullam. Quis molestiae aliquid quibusdam.\n\nAtque dignissimos ut in possimus. Quibusdam molestias adipisci consectetur dolorem. Eos odio cupiditate alias dolores qui dignissimos. Iste commodi ut saepe fugit.\n\nSunt ab consequuntur consequatur. Est dolorum minima est consequuntur quia fugit veniam. Unde et ea culpa veritatis illum pariatur.\n\nEarum quod iste impedit sed velit deserunt. Suscipit illum rerum vero. Provident illum fuga voluptas modi.\n\nOmnis quam debitis et dolores corporis dignissimos. Dicta omnis voluptatem asperiores dolorem autem delectus.', 0, '2021-04-15 04:49:41', '2021-04-15 04:49:41'),
(62, 41, 'Reiciendis officiis maxime occaecati.', 'Culpa similique corrupti eos soluta repellat consequatur. Et ut beatae dolore reprehenderit veritatis.\n\nQuod temporibus sit quisquam eveniet. Ea voluptate corrupti sed vel animi.\n\nEarum voluptas est fugit eos sint. Neque sint illum accusantium rerum. Quis est reprehenderit dolorum molestias voluptate velit.\n\nAspernatur magnam non et alias ut quo. Cum dolorem ea molestias et sint libero. Cum earum velit soluta aut vel tempora laboriosam. Natus officia facere ea consequatur illum ut voluptatem.\n\nEst animi velit aut laudantium minus. Cum expedita modi soluta accusantium et et. Totam velit non porro sit quis. Culpa eligendi tempore qui ipsam excepturi inventore.\n\nAt quia occaecati autem. Unde officiis at distinctio. Ut nostrum nihil praesentium et. In molestiae sunt porro molestiae hic laboriosam.\n\nVoluptas soluta pariatur et accusamus. Veritatis libero sed magnam vero repellendus nobis unde nihil. Et rerum dolores voluptas sit.\n\nAlias ipsam unde et fugiat dignissimos nihil. Omnis qui aut dignissimos sit aliquam dignissimos exercitationem suscipit. Vel cumque recusandae dolores minus. Et alias voluptate expedita ea.\n\nQuod laudantium fuga sit ea fugit quam autem. Eos ea recusandae autem harum labore eligendi illo dolorem. Adipisci a neque ut ut.\n\nConsequatur repellat ut esse doloremque et commodi ad. Enim dolore in facilis. Voluptatem nesciunt et odio nisi.', 1, '2021-04-15 04:49:41', '2021-04-15 04:49:41'),
(63, 41, 'Iste molestiae incidunt sit nesciunt omnis dolore vitae non.', 'Non dolor et doloribus qui est. Magni veniam nulla quia nemo ex odit adipisci. Assumenda aut sequi natus delectus rerum. Et saepe quam dolor officia doloremque dolor.\n\nEst voluptatem laboriosam voluptate libero magni. Qui eligendi perferendis ea quia id. Nobis aliquam cumque laborum in sit dolorem.\n\nVoluptatem est impedit similique doloremque. Dignissimos dolorem omnis omnis est ipsam et est. Atque est quasi quia dolores nostrum sit. Odio cupiditate porro et praesentium.\n\nDucimus quia dolores necessitatibus mollitia hic vitae. Quam dolor architecto dicta delectus eveniet. Illo cupiditate dolor consequatur.\n\nSoluta fuga dolor quo velit voluptas. Quia autem ipsa occaecati in vitae. Et quaerat nulla quis iusto. Quia qui aliquid assumenda sint sequi illum mollitia.\n\nIpsam sit a aliquid veritatis voluptas ut cum corporis. Sed cum eos ea tempore cupiditate. Quod libero soluta inventore animi rem nisi blanditiis. Est rem corrupti minima aut illo ut magni. Et et animi ut non voluptatem nihil.\n\nUt ut et iusto eos aliquid unde perferendis. Ipsa qui ipsam officiis pariatur minima. Et libero itaque voluptas dolorem eaque at sunt.\n\nPerspiciatis totam et rem necessitatibus. Porro et quo ut impedit. Culpa aliquid rerum rem numquam et est saepe. Reiciendis doloremque exercitationem ducimus enim vel expedita.', 0, '2021-04-15 04:49:42', '2021-04-15 04:49:42'),
(64, 41, 'Ex illum voluptatibus aut eos.', 'Quibusdam voluptate possimus deleniti illum voluptate debitis. Temporibus vel esse consequatur reiciendis adipisci quisquam. Repudiandae nihil officiis est non esse iusto.\n\nVel quis asperiores quis maiores ratione. Commodi amet perferendis et laudantium autem quisquam beatae. Eaque laboriosam provident vero hic nobis.\n\nFugit dolorem non sed ratione minima. Quia et quo similique velit dolores illo aut distinctio. Corrupti reprehenderit quo corporis deleniti. Voluptate et voluptate dolores vero excepturi totam. Ab eum nostrum distinctio beatae necessitatibus soluta esse rerum.\n\nConsequatur et rerum possimus. Ducimus dolores et laudantium vitae cupiditate cumque. Omnis ex asperiores voluptatem quidem totam quos ducimus. Inventore qui qui consectetur provident. Ea ut necessitatibus et porro inventore soluta.', 1, '2021-04-15 04:49:42', '2021-04-15 04:49:42'),
(65, 42, 'Est itaque tempora quam voluptatem nemo vero.', 'Minima ut et dolorum. Cumque molestiae dolore quisquam non maxime et non.\n\nQui delectus corrupti qui soluta. Sed reprehenderit ut quas aut.\n\nAccusantium sint iste corrupti reiciendis eos eos. Nisi odio a accusantium corporis expedita porro laborum. Cumque veniam sunt quia possimus ut fugiat. Tenetur ullam ut dicta ut quia.\n\nNesciunt vel id hic ea illo nihil. Aut est ut autem vel. A asperiores magni exercitationem quaerat quis repellendus maiores. Aliquid nihil ipsum sit qui sit velit.\n\nQuae consequatur perspiciatis doloremque sint rem odit nulla qui. Dolores vero fugiat nemo maiores sunt. Vero excepturi vitae et voluptatum beatae. Et iste fugiat quasi ipsum.\n\nOfficiis minus nobis quis voluptatem porro voluptatem voluptatibus. Odio dolore aut aut non repellendus. Veniam qui atque iure aut ducimus iusto. Debitis ut exercitationem soluta culpa consequatur.\n\nLaborum facere omnis veniam eligendi eaque dolor. Quia dolore veritatis ducimus. Enim magnam est repellendus iusto. Dolorem vitae a accusantium ducimus similique. Dolorem accusamus alias quidem impedit.', 1, '2021-04-15 04:49:42', '2021-04-15 04:49:42'),
(66, 42, 'Perspiciatis velit ut aut.', 'Quam unde facere aliquid earum eius. Qui ratione tempore mollitia est omnis ratione quas. Quae corporis inventore sed est et quia ducimus.\n\nVero debitis autem nihil deserunt rerum laborum. Deserunt corrupti numquam quae doloribus.\n\nEst minus similique ut maxime quas iure. Incidunt nostrum qui aspernatur amet praesentium. Nihil sapiente quis iure ullam consequuntur.\n\nMolestiae quia fugit sed eum quo numquam. Maiores libero aut cumque. Soluta quisquam repellat dolores ut accusamus. Similique aperiam corporis dignissimos voluptatum saepe rem.\n\nUt repudiandae non aut ut voluptatem. Minus repellat fugit provident corporis et et. Occaecati dolorum mollitia amet qui optio deserunt amet.\n\nConsequatur autem veniam nemo et rerum dicta cumque. Porro illo est quidem voluptatem labore. Voluptas optio id ducimus facilis accusamus.', 1, '2021-04-15 04:49:42', '2021-04-15 04:49:42'),
(67, 42, 'Inventore odio eos quibusdam molestiae cupiditate.', 'Id est incidunt et repellat ut. Est voluptate aut dicta minima. Est dolores quae quae est voluptas. Autem est omnis reprehenderit et non reprehenderit consequatur.\n\nTempora in numquam sit. Quia qui sint sunt dolores libero adipisci sint. Sapiente quasi sapiente voluptatem ut sapiente neque quo.\n\nConsectetur ut qui dolorum. Eos nulla est natus eos eum voluptatibus. Sunt quos non voluptates neque excepturi sit quo.\n\nFuga assumenda ipsa magnam quam. Quaerat sunt aliquid et quibusdam molestiae. Debitis eligendi perferendis voluptatum ipsa perspiciatis quia sit id. Dolorum distinctio ut ut accusamus placeat nostrum.\n\nCorporis eaque voluptas beatae fuga. Quia hic odio ipsa magnam aut delectus.\n\nQuis mollitia nemo aut quis enim maiores. Velit odio explicabo aut itaque rem dolorem illum.\n\nSit consectetur debitis mollitia non nulla laudantium dicta ut. Qui accusantium omnis facere voluptas facilis minus eum. Eius accusamus excepturi quis veniam autem veritatis laboriosam.', 0, '2021-04-15 04:49:42', '2021-04-15 04:49:42'),
(68, 42, 'Odio laudantium fugiat qui harum qui est.', 'Quis rerum illum qui. Facere non officiis ut. Optio itaque nesciunt sed vel id et esse. Vero asperiores consequatur incidunt vitae consectetur.\n\nAnimi et et ut ex. Eos explicabo laudantium suscipit aut ratione. Unde est excepturi distinctio sequi deleniti. Fugit est ea pariatur id voluptatem et. Ea quas in explicabo nam perspiciatis sunt.\n\nProvident odit esse aliquid quo pariatur qui. Est sit quos repellat eos aut commodi.\n\nLaboriosam expedita nulla minima excepturi. Mollitia fugit ut qui autem molestiae enim aut. Impedit earum eius perspiciatis ut ex deserunt reprehenderit. Molestiae sint veritatis odio sint.\n\nVitae nihil ut ab est. Laborum nostrum animi corrupti debitis eum sed sint.\n\nRatione aut aut hic reiciendis quidem blanditiis. Quia quia dolores sunt velit. Esse accusamus nisi illo iusto sit. Et dolor ex recusandae dicta voluptatibus laborum.\n\nDolore vel quia dolores eos quia perferendis ut. Ipsum necessitatibus magnam maxime. Quibusdam veniam sed dolores odio.\n\nEveniet neque totam magnam veniam adipisci est. Aut ab sed commodi. Nam nam harum magnam. Possimus ut eos eos et est temporibus ea. Necessitatibus tempore consectetur necessitatibus aliquam optio.\n\nDolorem debitis repudiandae vero corrupti consequatur quis harum. Nam nam in rerum provident. Est vel et animi porro aspernatur unde nam.', 1, '2021-04-15 04:49:42', '2021-04-15 04:49:42'),
(69, 43, 'Necessitatibus pariatur ut aliquid est esse reiciendis.', 'Sit quisquam omnis ea quaerat illum. Voluptatem autem vel non error earum facere dolor. In consequatur impedit ut voluptatem.\n\nEius eaque tempora architecto et autem sint ratione. Dolores quos nulla quia velit ipsa qui velit. Corrupti error quam tempora quae.\n\nAut vero mollitia accusamus perferendis hic repellendus ut. Ut ipsam porro occaecati est.', 0, '2021-04-15 04:49:42', '2021-04-15 04:49:42'),
(70, 43, 'Vero assumenda amet et illum maxime qui.', 'Vitae et doloremque ratione quod. Natus laborum aspernatur aut in. Repudiandae facere quo corrupti accusantium qui eos. Numquam non est dolore ratione qui eveniet ducimus ipsam.\n\nExcepturi est autem aut totam voluptas ut quasi. Voluptas et fuga quibusdam sed voluptas quae ullam. Velit earum id et quod optio.\n\nMolestias quia molestiae voluptatum qui quidem. Beatae dolore omnis quia perferendis. Ea nam soluta et nulla. Iure est optio suscipit veritatis ab qui.\n\nAlias et et dolorum voluptas et non quaerat. Voluptatem qui qui enim. Nulla est sit ullam non. Consequatur occaecati quod unde expedita laudantium dolores.\n\nUt ut dolor quo natus recusandae officia eum. Ipsam vel dignissimos aspernatur tenetur debitis rem quia.\n\nNostrum natus at ullam omnis dolor eum aperiam. Assumenda quis alias neque. Mollitia commodi consequuntur aspernatur. Et illum expedita ipsa velit architecto et id.\n\nTotam voluptatibus explicabo ut enim nulla. Eligendi harum quia ab assumenda natus qui. Non consequatur repudiandae at quidem cumque sit molestiae.\n\nDolore rerum et tempora qui voluptas atque earum. Quas sequi laboriosam molestiae mollitia soluta. Voluptas voluptatum veniam veniam itaque.', 0, '2021-04-15 04:49:42', '2021-04-15 04:49:42'),
(71, 43, 'Vel deleniti aperiam libero quas magnam.', 'Laudantium amet id ut fugit et aut recusandae et. Temporibus aut maxime tempora saepe aliquid non. Asperiores et quisquam esse. Porro harum saepe iste suscipit pariatur.\n\nAspernatur ut reprehenderit ea ducimus. Quas et est voluptates repellat eos ut. Et odio voluptatem molestiae quisquam id. Culpa ea enim maxime. Nostrum explicabo magni sed maxime ipsum est.\n\nInventore magnam aut eos autem nesciunt eaque accusamus rerum. Quia eligendi minus expedita amet provident.\n\nQuia cum est et at voluptatibus et. Ea sit velit quia adipisci cum non. Soluta fugiat nihil optio aliquam dignissimos quasi autem. Delectus magnam dolores nisi repudiandae dolorem sit perferendis aut.\n\nAut perferendis aut natus minus blanditiis. Consequatur placeat ex est aut. Cum non perferendis voluptatem tenetur eius omnis aliquid rem.\n\nVel velit doloribus voluptatibus. Accusamus placeat rerum magni harum. Explicabo rerum eum ea temporibus aut iure. Vitae quod placeat non odio voluptatibus incidunt consequatur.\n\nOdit iure in reprehenderit consequatur. Molestiae quia aliquam excepturi voluptatem. Vel impedit et tenetur deleniti.\n\nReprehenderit voluptas harum consequatur qui delectus aliquam. Ut et natus ea sed minus enim exercitationem. Vel eius nobis beatae quas excepturi in enim. Vitae nulla repellendus commodi non vitae aut officiis. Et expedita et sequi saepe vel eum sunt.', 1, '2021-04-15 04:49:43', '2021-04-15 04:49:43'),
(72, 43, 'Porro error ut doloremque dolorem.', 'Qui ut nihil et maiores ut. Numquam est voluptates maiores harum quasi sapiente. Consequatur voluptates qui et dolore.\n\nVoluptas et dolor quas quae laboriosam placeat ea rerum. Quo est dolore molestias sed odio. Voluptatem mollitia placeat quo alias eos. Enim nisi harum earum debitis et dolorum.\n\nSed dolorem autem voluptatem nisi et quos ad. Dolor iste est possimus et.\n\nNemo repudiandae dolor earum autem fuga a. Excepturi dolorem atque labore aperiam totam doloremque. Rerum eligendi aliquid soluta. Doloremque accusantium quia laborum mollitia.\n\nAspernatur quia commodi a voluptatem amet hic ipsum. Qui qui unde nihil rem fugit velit. Rerum dolorum molestiae sint tempore nam omnis excepturi.\n\nArchitecto quia ratione nemo. Similique quibusdam officia laborum ea dolor. Labore itaque labore magnam consequatur.\n\nNobis qui sit animi molestiae rerum. Earum dolorum repellat harum itaque voluptatum quaerat recusandae. Fugiat molestiae laborum vitae occaecati labore aperiam hic nisi. Ut culpa deserunt occaecati dolorem exercitationem id itaque.\n\nLaudantium est illum sit qui. Eos animi pariatur nihil id ullam sit facere. Consequuntur nam dolorem sequi et ducimus. Quo et placeat asperiores quia exercitationem commodi dolores.', 0, '2021-04-15 04:49:43', '2021-04-15 04:49:43'),
(73, 44, 'Veritatis fuga et ea excepturi expedita laborum voluptatem.', 'Et placeat ut tempora assumenda et sint vel. Ut voluptate asperiores sit dolor velit non in. Dolorem blanditiis ut aut earum. Incidunt non eius recusandae cupiditate. Nihil nisi doloribus et dolorum.\n\nCorporis laboriosam doloremque porro cumque explicabo maxime earum. Laudantium porro quod fugiat voluptas possimus. Ullam assumenda dignissimos est in in.\n\nUllam laudantium distinctio aut molestias in. Veniam et voluptate id ut. Sint aut impedit aperiam neque quaerat omnis eaque.\n\nSed consequatur fugit eveniet eveniet tenetur ipsa. Non maxime non assumenda ullam fugiat sint. Dolorem est quas corporis ut vel voluptate. Aliquam ex rerum dolor praesentium veritatis.', 1, '2021-04-15 04:49:43', '2021-04-15 04:49:43'),
(74, 44, 'Ducimus molestiae architecto in ipsam.', 'Doloribus nihil voluptates commodi repudiandae. Placeat velit et aut et delectus asperiores voluptatem. Repellat eum maxime aperiam commodi minus laborum doloribus ea.\n\nLaborum voluptatem itaque quos autem cumque culpa impedit cum. Voluptatibus debitis rerum commodi sapiente vel veniam.\n\nFugiat ipsum aut voluptatem accusantium. Ex beatae ratione voluptatem et. Mollitia sed expedita quos. Sit et quidem dolorem error.\n\nAccusantium consequuntur ratione consectetur facilis neque delectus. Aut et quas veritatis voluptas. Repudiandae iste qui nisi accusantium consequuntur est.', 0, '2021-04-15 04:49:43', '2021-04-15 04:49:43'),
(75, 44, 'At et voluptatem modi necessitatibus odio ducimus esse adipisci.', 'Ipsam consectetur est culpa ab. Hic cumque unde sit et itaque. Facere sed blanditiis quia deserunt aperiam.\n\nOfficiis molestias quo nihil animi voluptate. Voluptate numquam necessitatibus maiores nesciunt aut sit rem. At in voluptatem dolorem sint mollitia culpa ut.\n\nEnim voluptatem nemo voluptas. Et labore ipsa voluptas a sed autem qui. Laudantium placeat non ea molestias. Et provident voluptate excepturi sed omnis.\n\nVoluptatem eum ut quasi repellendus assumenda exercitationem. Voluptatem ut ipsum facere ullam magni nemo voluptas soluta. Qui iusto est quia. Ipsa maiores vel tempore id.\n\nAliquam voluptas porro in recusandae impedit. Ab nulla aliquid quis facere maxime eaque. Esse reprehenderit debitis rerum quas aperiam ut. Id dolorem est quaerat eos.\n\nEnim eos ut et culpa ab a fuga debitis. Quam quas laboriosam ut eos similique. Neque officiis dolor vitae quo.', 1, '2021-04-15 04:49:43', '2021-04-15 04:49:43'),
(76, 44, 'Et error dolores quis odio.', 'Id nihil ratione minima. Nihil repellat temporibus placeat inventore explicabo placeat. Saepe omnis quaerat velit totam dignissimos. Voluptatem maiores aliquid cumque facere omnis. Dolor voluptatem numquam aut excepturi fugit doloremque.\n\nTempore molestiae amet rem et fugit reprehenderit blanditiis. Sit aliquam cupiditate sed consequatur ut nobis non. Unde atque nihil voluptas eius temporibus quisquam cumque. Molestiae quia et quod consectetur quisquam ea et dolore.\n\nVitae sint quaerat dolores quibusdam nemo dicta nesciunt. Quia culpa adipisci neque rerum earum explicabo unde et. Alias sit reprehenderit qui repellendus sequi et voluptates.\n\nAut commodi iure distinctio quis sed. Ut eos deserunt repellat. Tempore magnam harum error repudiandae deleniti omnis ipsam.\n\nQuibusdam ratione aspernatur ut amet est sapiente necessitatibus. Sapiente quaerat earum consectetur quis dolor. Itaque totam ipsum modi.\n\nIllo reiciendis iusto eum excepturi delectus quasi iure qui. Voluptatem consectetur voluptates et. Dolorum vel sunt in.', 0, '2021-04-15 04:49:43', '2021-04-15 04:49:43'),
(77, 45, 'Hic accusantium nulla quidem doloribus sed repellendus voluptatem.', 'Ab sit eaque est natus aut. Suscipit tempora fugit eveniet sed.\n\nDolorum maxime esse et deleniti et nisi et. Provident delectus unde itaque quidem perspiciatis delectus. Non numquam molestiae sunt nam quam perspiciatis voluptatum.\n\nRem mollitia eum asperiores quisquam qui alias. Libero qui quas placeat dolorum dolor officiis voluptatum. Molestiae blanditiis in provident impedit.', 1, '2021-04-15 04:49:43', '2021-04-15 04:49:43'),
(78, 45, 'Quis animi voluptas cumque.', 'Facere quo nam et velit dolor. Nesciunt ex atque ipsam nostrum velit aut. Molestiae impedit fuga ipsam et.\n\nAperiam et adipisci voluptas sapiente quia ipsum. Dolorum iure id ut eos. Et rerum autem rem praesentium. Laborum impedit et consequatur.\n\nProvident perferendis suscipit labore. Aut expedita nesciunt impedit ducimus nihil. Veritatis nulla et modi accusantium molestias quam sunt. Excepturi soluta molestiae et et.\n\nExcepturi nihil dicta est ut rerum eligendi porro. Exercitationem ut accusantium animi ducimus sit maiores enim. Eveniet dolorem est cupiditate fugit sed facere.\n\nVero perspiciatis ea repellat sed placeat. Aut et reiciendis cupiditate sed illum. Perspiciatis quia et placeat maxime.\n\nTempora sit temporibus similique repudiandae fugit et. Et id similique maiores hic ut porro aperiam. Laudantium eum illum debitis magnam necessitatibus necessitatibus. Voluptatem ut autem sit est ut consectetur rerum.\n\nConsequuntur esse sit qui est aut quisquam. Officiis est ad et et. Qui molestiae quos est aspernatur.\n\nLabore et eos repellat dolores at alias ut ullam. Incidunt mollitia unde occaecati omnis dolore ea. Ut aut omnis id ut similique sed rerum vel. Suscipit unde est repellat provident consequatur similique impedit dicta.\n\nId occaecati laudantium dolorem vel animi. Rerum porro voluptatem debitis eos sit doloremque sint. Placeat atque voluptas omnis autem assumenda.', 0, '2021-04-15 04:49:43', '2021-04-15 04:49:43'),
(79, 45, 'Vel praesentium reprehenderit vel voluptas dolores.', 'Totam accusantium velit quam quia. Aut est minima in voluptate pariatur. Necessitatibus ipsum ipsum earum dolores.\n\nLabore nulla culpa ab excepturi. Voluptate amet ratione iste et magnam animi. Voluptas sapiente reiciendis perspiciatis aut quibusdam minus ad corrupti. Expedita quia ab voluptatem et rerum sunt sunt.\n\nEos sit dolores labore facere. Quia quo voluptatum assumenda optio aut sapiente velit. Tempore autem molestiae tempora optio. Commodi ratione est provident dolorem reiciendis neque.\n\nEst qui et et asperiores sequi natus. Corporis fuga aut qui. Harum minus nesciunt sed.', 0, '2021-04-15 04:49:43', '2021-04-15 04:49:43'),
(80, 45, 'Reprehenderit officiis et possimus aut tempora provident.', 'Autem id facilis explicabo odit porro. Consequatur eos ea aut eaque architecto soluta.\n\nIste et ut harum quos porro aut. Aliquid optio corporis corrupti et voluptate.\n\nMaiores distinctio ratione et. Velit quae voluptas quia quis occaecati. Odit aut voluptates quo nam sed eligendi est.\n\nIn tempore sunt saepe et vel. Laborum maiores odio et non.\n\nNam sed voluptas voluptate occaecati qui quae. Sunt nam necessitatibus similique iusto non quas. Reiciendis consequuntur similique nobis aut cumque rerum. Ipsa possimus esse eum deleniti voluptate nisi eos quas.\n\nIn sit ut voluptatem ut laudantium tenetur. Nesciunt voluptas omnis nesciunt. Rerum et porro ad accusamus error.\n\nDolorem nobis beatae ut sint itaque voluptatem. Omnis ex odio dolor ut est et maxime omnis. Beatae cumque maxime vitae dolores quaerat excepturi.', 1, '2021-04-15 04:49:43', '2021-04-15 04:49:43'),
(81, 46, 'Omnis voluptatem ut ut omnis amet ducimus ut et.', 'Beatae eos nihil et temporibus recusandae. Architecto non est accusantium corporis nisi omnis architecto perferendis. Ipsam nesciunt laboriosam voluptatem qui reprehenderit beatae. Laborum quod rerum excepturi. Et beatae atque saepe consequatur alias exercitationem quo.\n\nDignissimos adipisci quo hic ut dicta. Vel quo sit et praesentium laboriosam. Fuga dolor maiores corporis libero.\n\nVoluptate corporis aperiam culpa. Et quibusdam quis delectus porro molestiae rerum quia. Eius id ea ut unde tempora. Enim minima doloribus dolores iste illo quia a.\n\nSint ut quas quia non quos aut. Omnis et nisi voluptatem. Occaecati explicabo adipisci quidem natus. Sint sed nihil ullam ad. Minima expedita minus quam eum sit.\n\nEt molestiae enim accusantium libero. Dolorum et consequatur neque inventore laborum numquam. Non doloribus dolorem quis fuga incidunt quis suscipit.\n\nBeatae non totam et suscipit maiores nobis. Aspernatur dolorum debitis enim voluptatem. Aut mollitia dicta modi cum consequatur placeat odit. Voluptas molestiae accusantium nobis.\n\nIpsum dolorem exercitationem et id eaque molestiae quis. Natus soluta pariatur dicta odio. Et eveniet magnam dolorem impedit rerum cum.', 1, '2021-04-15 04:49:43', '2021-04-15 04:49:43'),
(82, 46, 'Vero doloremque odio in sint consequatur facere molestiae.', 'Molestiae eum sit doloribus aliquid quod sequi qui maiores. Veniam exercitationem odit rerum accusantium numquam. Sapiente doloribus illum repudiandae qui et nesciunt ea a.\n\nDebitis placeat facere mollitia consequuntur voluptate. Quis ipsam velit quisquam in nulla totam quo quo. Velit autem totam harum occaecati.\n\nLibero expedita porro voluptate vel numquam impedit et. Commodi sunt culpa esse hic. Incidunt quod hic architecto sint inventore eaque similique. Quaerat architecto omnis consequatur ratione perspiciatis.\n\nIllum commodi explicabo autem deserunt corrupti. Vero rerum corrupti nihil doloribus expedita fugit voluptatibus laudantium. Blanditiis recusandae architecto iure accusantium qui ex ipsum. Ab sit tenetur beatae velit praesentium eligendi. Et fugit non illo nemo sequi necessitatibus.\n\nUnde unde unde placeat et repudiandae numquam. Quis nulla et doloremque facilis dolore in quasi. Quia quia doloremque quis commodi cumque.\n\nVoluptatem voluptate labore consequatur eos aut numquam quas. Animi voluptatem dolore tempore dolore repudiandae est iste. Ab doloribus neque adipisci aperiam.\n\nDicta atque tenetur laudantium voluptates occaecati aut soluta rem. A quae odit eos nulla sint dicta. Aut at iste corrupti ut quam rerum inventore. Neque necessitatibus omnis ipsa unde. Neque id dignissimos animi totam.\n\nSunt velit dolorum in eius cumque. Aut est et maxime unde. Temporibus deserunt facilis ut cumque delectus.\n\nDoloremque eum voluptas qui. Debitis molestiae numquam et iure quos omnis. Magni nulla esse dolor repudiandae molestias harum cupiditate. Ullam praesentium dolor nihil voluptates ea excepturi.\n\nAspernatur commodi accusantium quisquam aperiam nostrum. Soluta porro architecto sint id vitae. Minus aut cumque soluta.', 0, '2021-04-15 04:49:43', '2021-04-15 04:49:43'),
(83, 46, 'Officia vel doloremque doloribus.', 'Ducimus qui ut et nobis. Et autem voluptatem repellat a consequatur. Minima veritatis et dolorem nulla vero fuga doloremque. Molestiae dicta dolor aliquam.\n\nVoluptatum repellendus saepe ratione est. Repellendus dolorum sed facere quia tempore est molestiae. Nesciunt perspiciatis nostrum officia quis consequatur.\n\nUt dolorem sunt omnis id. Ut minima modi in ipsa facilis adipisci labore. Dignissimos consequuntur at aspernatur qui quia aut. Accusamus at laboriosam dolorum quia deserunt omnis.\n\nAnimi est possimus vero veniam quo. Et similique aut sed. Aliquid quam assumenda facere in aut non.\n\nUt accusantium rem officiis minima animi non eum. Rem sint nostrum id. Repellat iste non fugit commodi ratione placeat. Quo dolorem quo sapiente ut ut.\n\nEsse voluptate quo voluptatem ut commodi quia. Consequatur iusto repellat quidem nemo quis.\n\nOmnis repudiandae delectus incidunt voluptatem alias alias. Eum nostrum nulla perspiciatis sed. Et at id doloribus quo id at.', 1, '2021-04-15 04:49:43', '2021-04-15 04:49:43'),
(84, 46, 'Dolorum quisquam rerum est commodi excepturi.', 'Error ut labore illo consequatur et minus et. Tempore expedita et voluptatem amet dicta praesentium. Dolores aliquid et iusto quo ratione sunt totam quasi.\n\nSunt vel occaecati consectetur et harum. Vel ut temporibus iure hic sed voluptatibus ea. Eum commodi illo esse praesentium quod et. Id ullam voluptatem et magni. Reprehenderit laudantium unde voluptatibus maiores error.\n\nEa quisquam delectus et amet commodi aut. Non architecto occaecati omnis consequatur at qui cupiditate consequatur. Eaque modi recusandae animi optio vel sit id. Id cum maiores animi consequatur quod recusandae esse tempora.\n\nSimilique qui velit enim vero quam doloremque. Non aut vero et qui qui. Quae ipsam assumenda culpa sit quod doloribus et sunt. Nobis voluptatum laudantium voluptatum accusamus.\n\nSed aliquid cum quis maxime ut facere. Eos ratione quas vel rerum optio natus. Quam temporibus optio explicabo sunt occaecati sit.\n\nCommodi sunt qui voluptatibus occaecati molestiae sed. A ducimus cum maxime exercitationem quidem nostrum rerum. Nesciunt est eligendi placeat nemo.\n\nAut quia dolorum est aperiam autem ut earum. Enim fugiat maxime minima fugit atque iste. Rerum natus qui consequatur.\n\nEveniet et ut dicta facere omnis. Aut ipsum excepturi aut odit dolorem.\n\nIpsa maxime quod et doloribus accusantium voluptatum. Corrupti autem officiis placeat sapiente voluptatem rerum. Autem magni aut magni impedit repellendus ullam sapiente in.', 0, '2021-04-15 04:49:43', '2021-04-15 04:49:43'),
(85, 47, 'Qui est veniam sunt dicta non.', 'Laudantium ut error modi necessitatibus. Voluptatem quae id praesentium. At tenetur officiis iusto odit similique ut aut est. Qui molestias dolores molestiae totam exercitationem veniam. Magni nobis aspernatur est.\n\nExpedita omnis quidem eius et perferendis aliquam enim. Amet quia laudantium sit et. Sint est sed quo voluptatem. Eum corporis quia optio.\n\nIpsum et veniam dicta qui rerum temporibus eveniet consectetur. Expedita eligendi voluptas omnis autem et aut. Sed in porro neque accusantium quisquam. Nostrum enim cumque aut velit id. Sint molestias facilis quis rem iste.\n\nEt odit enim voluptatem laudantium provident dolor. Reprehenderit amet voluptatem non et. Quaerat praesentium nostrum id fuga consectetur.\n\nEst sed animi doloremque enim ut dolore et. Tenetur officiis accusamus id consequatur. Repudiandae cupiditate dolor quia.\n\nEt nulla voluptatem ut repellendus a voluptatem beatae rerum. Dolorem voluptas est ad facilis expedita. Ab in repellendus temporibus.\n\nVelit esse doloribus eveniet natus dicta unde. Eum explicabo est sapiente error possimus magnam. Nulla quia praesentium veritatis sed magnam. Rerum fugit ut quisquam aliquam ut dolorem.\n\nEt aut quae ipsam repellendus. Cum enim est ad debitis et.\n\nOfficia voluptate at qui aut reiciendis et sit ut. Ad molestiae exercitationem molestiae inventore fugit sed laboriosam. Non est ullam optio qui doloribus.', 0, '2021-04-15 04:49:43', '2021-04-15 04:49:43'),
(86, 47, 'Repellendus omnis laboriosam suscipit omnis similique sint.', 'Illo veniam aut aliquam distinctio distinctio modi sed. Impedit laborum et similique dolorum delectus qui provident. Ad minus dignissimos dolores voluptatem ut enim maiores. Expedita perspiciatis numquam quia velit et sint dolor animi.\n\nConsequuntur dolorum qui est quasi eum. Explicabo eveniet perferendis quam esse. Officia fugit provident non dolore libero. Iusto totam nostrum consequuntur velit temporibus.\n\nLibero saepe aliquam reprehenderit distinctio officia. Est qui error et rem aut adipisci sit. Voluptatum reiciendis et qui voluptates in commodi est. Magnam itaque dolorem blanditiis et ut voluptatem dolores rerum. Rem accusamus magnam architecto ex illo quidem nesciunt.\n\nSuscipit qui sit sed at. Et sequi eum et accusamus dolorem nesciunt non. Officia nemo vel eveniet necessitatibus officiis. Odio voluptates maxime expedita officiis veritatis.\n\nAt optio ex maiores vero architecto veniam. Labore magnam aut nam laboriosam. Doloremque amet beatae totam cupiditate veniam. Omnis aut maxime odio sit officiis et esse.\n\nOmnis reiciendis est vel eveniet itaque laborum omnis. Quod sapiente perspiciatis non temporibus corporis sit quae. Doloremque dicta a et possimus accusantium possimus.\n\nVoluptatem fugit asperiores suscipit aliquid adipisci sunt. Sed quod deleniti et est voluptatem. Provident esse fugiat consectetur vel magni facere.\n\nUt ea et a qui sed voluptas. Aspernatur doloribus voluptatibus qui minima odio ipsa. Pariatur saepe ipsa earum animi.\n\nRepellendus assumenda reprehenderit et vel ducimus quaerat fugiat. Ab praesentium cumque id et esse. Ducimus et repellat praesentium harum impedit minima et.', 1, '2021-04-15 04:49:43', '2021-04-15 04:49:43'),
(87, 47, 'Ut iure omnis fugit ut ea.', 'Cumque eos quis similique laboriosam necessitatibus. Vel maiores suscipit accusamus voluptas accusamus ex. Molestiae similique quibusdam optio rerum.\n\nOfficiis quidem eos velit incidunt maiores laboriosam molestias est. Minima itaque aperiam error et et veniam enim. Commodi maxime ipsum facere magnam ab voluptas qui excepturi.\n\nTotam rem aliquam recusandae repellat soluta reiciendis. Aut dolores eius accusamus ratione voluptatem nesciunt. Qui sint sed distinctio recusandae consequuntur.\n\nAccusantium ullam consequatur reprehenderit explicabo porro. Nulla vero non eaque rem quod. Reprehenderit sed possimus amet qui qui neque. Pariatur cumque incidunt maxime.\n\nQuia nulla vel consequatur accusamus eius eaque. Accusamus harum temporibus accusamus officiis quas voluptas quis. Assumenda doloremque dicta dolores libero. Dicta aut temporibus aliquid eaque repellat ut.\n\nQui error est aut excepturi fuga enim totam. Ad eveniet ea ipsa ad. Quis eveniet eveniet eveniet.', 1, '2021-04-15 04:49:43', '2021-04-15 04:49:43'),
(88, 47, 'Nobis rerum aut totam ut.', 'Ut maiores sunt qui. Laudantium qui voluptatum dolore.\n\nAspernatur corrupti sapiente omnis dicta rerum voluptatum a. Beatae harum ut nobis eveniet magni facere. Amet sed vero in quia voluptate cum dignissimos. Odio sit laudantium magni ea ab qui.\n\nVoluptate voluptas qui blanditiis saepe laudantium earum possimus. Est sit molestias sapiente esse veritatis nesciunt. Provident rerum quas est est. Cum consectetur tenetur doloremque unde deserunt voluptatem.\n\nSit eligendi laboriosam maiores consequatur occaecati. Recusandae et fuga laudantium voluptas adipisci. Adipisci hic fugit ratione dolorem nemo. Sunt ratione nisi voluptas qui.\n\nUt reprehenderit quos eos ut cum modi. Et consequatur suscipit deserunt numquam. Quos corrupti velit voluptas qui. Quo sequi vero reprehenderit consequuntur commodi.\n\nArchitecto et necessitatibus accusamus quis nihil maxime accusantium. Dolore a iusto quaerat at assumenda voluptate. Tenetur nostrum culpa incidunt ratione asperiores.', 1, '2021-04-15 04:49:43', '2021-04-15 04:49:43'),
(89, 48, 'Modi similique iure ipsa quibusdam.', 'Recusandae in quas repellat a dolor sit. Fugiat illo placeat quas omnis dolorem. Ad eligendi iste adipisci magni possimus.\n\nDoloremque eius vel molestiae aut distinctio quia dolores. Minus ipsum atque quo consequatur ullam. Ut sed eius ullam.\n\nItaque quibusdam iusto expedita est quia voluptatibus. Rem ipsa maiores dolorum et nulla repudiandae. Est sit delectus non harum dolores adipisci necessitatibus.\n\nAspernatur unde libero nam doloremque. Iste veniam velit molestiae qui facilis voluptatem. Vel cumque ipsum repellat neque.\n\nCumque occaecati maxime amet. Soluta illo asperiores est dolores. Ipsam facere consequatur est officiis temporibus praesentium et ipsum.\n\nQui cum itaque eos commodi repudiandae et nostrum. Odit est impedit in dolorem ut quis cumque. Eaque atque et qui in expedita cum aut.\n\nUt qui placeat placeat eaque voluptatibus consequatur asperiores. Fugit ea eveniet officiis unde alias ut quas. Quisquam officiis perspiciatis et in. Quae quibusdam voluptatum non non aperiam saepe. Beatae iure sit est officia repellat.\n\nRepellat et est excepturi. Id eveniet quod eum voluptatem magnam voluptas voluptatem. Laboriosam similique nam velit et qui ipsa totam reiciendis. Vel reiciendis sunt atque autem.\n\nNihil accusamus mollitia illum esse. Nobis sint voluptatem voluptatem sint. Ut ex delectus et.', 1, '2021-04-15 04:49:43', '2021-04-15 04:49:43'),
(90, 48, 'Sed cumque voluptas debitis placeat eligendi.', 'Porro ut vel sed dicta dignissimos reprehenderit molestias. Qui in voluptatibus excepturi voluptas. Atque libero perspiciatis suscipit quia quam laudantium.\n\nVoluptates libero totam officiis voluptates et asperiores omnis. Voluptas officia aut incidunt quae similique et minus. Consequatur veritatis quisquam quia iusto fugiat. Pariatur recusandae alias eligendi sit est nobis consequatur ipsa.\n\nAccusamus velit quasi enim occaecati sapiente facilis explicabo. Culpa aut labore ut aut minus temporibus unde. Minus quam consequatur ipsum et quisquam voluptatum vel. Quis quia adipisci quis vero soluta ratione magnam impedit.', 1, '2021-04-15 04:49:43', '2021-04-15 04:49:43'),
(91, 48, 'Dicta provident consectetur aut ut nobis officiis.', 'Et eum cum sint quisquam sit quia perferendis officiis. Est dolor ut tempore libero quas quia voluptas. Sunt pariatur sint veritatis eaque labore voluptatem omnis omnis.\n\nQui qui nihil et accusantium consequatur quis perferendis. Dolore nemo corporis quia qui ea iusto quaerat sed. Nulla tenetur quam cumque nemo perspiciatis odit autem. Perferendis delectus et aut consequatur. Et magni quisquam accusantium beatae.\n\nDicta deleniti quidem modi necessitatibus rem quo. Eum possimus voluptate magni qui. Necessitatibus voluptatem necessitatibus dicta illo consequatur nam. Eos tenetur et ut possimus est sunt.\n\nDicta expedita expedita qui. Ut similique ut est eligendi reprehenderit dolorem corporis.\n\nSed et laudantium et reiciendis vero laboriosam possimus. Nulla sed aut odio quia sequi enim quos. Quia magni molestiae amet perferendis odit molestias ex.\n\nDeserunt perferendis expedita et et odio dolorem nam. Et ut accusamus occaecati. Et necessitatibus aut doloremque. Ratione unde odio eligendi est. Vel quas itaque incidunt eius consequatur et.', 0, '2021-04-15 04:49:44', '2021-04-15 04:49:44');
INSERT INTO `posts` (`id`, `user_id`, `title`, `content`, `published`, `created_at`, `updated_at`) VALUES
(92, 48, 'Perspiciatis iste saepe nemo suscipit repellat est quisquam sequi.', 'Et aut veniam praesentium harum. Ex totam eum placeat quia sint ex. Est commodi cupiditate dolore voluptatibus voluptatem porro.\n\nAb similique quia quos quos enim sequi dolores. Eum illo sapiente ut et doloribus qui.\n\nVoluptatibus et et voluptate provident. Possimus eum animi labore aliquid iure quos quis. Voluptate autem corrupti voluptate.\n\nMaxime et aut eum. Quis aperiam quo adipisci libero consequatur aut laborum repudiandae. Et aut commodi dolorem sequi dolor molestias voluptas fugit.\n\nEt qui molestias aliquid minus doloremque nesciunt inventore. Laboriosam aliquid aut et. Qui delectus itaque magni quas amet.\n\nFugiat ut eum dolore ducimus eum nulla. Fugit corrupti dolores maiores aut voluptas cum. Quam fugiat labore deserunt necessitatibus nulla molestiae voluptates.', 0, '2021-04-15 04:49:44', '2021-04-15 04:49:44'),
(93, 49, 'Numquam expedita possimus voluptates ipsum voluptatem possimus quas.', 'Sapiente nostrum sed impedit necessitatibus nihil hic sequi. Architecto ut laboriosam sed expedita ut. Sapiente necessitatibus ut vel delectus consequatur.\n\nDeleniti tempore amet deleniti quia. Distinctio veniam ut et vitae possimus facilis. Rerum sit consequatur voluptas repellat. Reiciendis illum consequatur est repudiandae cumque quia.\n\nLaudantium quo voluptate vitae ut qui rerum. Accusamus explicabo qui repellendus eos. Aut temporibus beatae voluptatem labore ducimus excepturi aut.\n\nQuos laboriosam qui quos consequatur aliquam eius. Eum voluptate numquam inventore et vel beatae. Est libero a cumque alias rerum. Est nobis dignissimos hic laborum inventore quae aut.\n\nNihil doloremque dolor harum possimus atque qui. Dolor repellat velit ea. Labore blanditiis commodi ullam delectus ea dolore. Aut officia sapiente quo qui ipsam.', 0, '2021-04-15 04:49:44', '2021-04-15 04:49:44'),
(94, 49, 'Laboriosam sed inventore quis et autem a.', 'Sit quae deserunt vel. Ullam vitae commodi sit laborum sint minus. Id odio quae error quia voluptatum. Ipsam id earum deleniti suscipit unde quisquam veniam vel.\n\nQuibusdam ut sint corporis voluptatem sequi placeat. Magni voluptas nihil sunt expedita. Aut quidem sed deleniti maiores iusto enim amet.\n\nEt aut tenetur sed nam. Omnis est aperiam consequatur amet. Aut autem dolor qui sint aliquid delectus fugit.\n\nMolestiae vel quis voluptas aspernatur aut iusto. Officia magni est architecto aut similique. Sed aliquid quo est in omnis officiis. Est dolorem officiis molestiae ad provident ullam molestiae.\n\nSed provident eos tempora similique dolorem unde cum voluptate. Temporibus omnis repellendus nam delectus voluptas. Magni expedita ut modi labore expedita dolorum quod. In nihil exercitationem mollitia sunt facere eveniet.\n\nLabore quisquam hic quae est voluptas ut. Sed nesciunt beatae dolores. Et laudantium at sed aliquam officia exercitationem molestiae.\n\nAut quae amet facilis aut quas cupiditate impedit. Animi facilis corporis nihil dolores possimus voluptatem. Et autem sed facere magni soluta.\n\nEt soluta dolore unde nostrum velit. Eos ratione aut corporis eius. Voluptas et aperiam et at sapiente aspernatur. Saepe quibusdam molestiae asperiores quaerat voluptate. Iure voluptas veritatis earum consequatur.\n\nIllo modi autem id. Unde voluptatem magnam hic quaerat quam aspernatur. Nulla qui aut qui aut itaque consequatur. Excepturi hic ducimus nesciunt nisi sapiente ipsam necessitatibus.\n\nInventore exercitationem esse laborum odio distinctio ab saepe excepturi. Omnis sapiente neque laborum ratione architecto tenetur pariatur nisi. Laborum nihil voluptas numquam. Numquam adipisci facere assumenda sed esse perspiciatis rerum et.', 1, '2021-04-15 04:49:44', '2021-04-15 04:49:44'),
(95, 49, 'Doloribus quo iure cumque perferendis vitae adipisci.', 'Aperiam aliquam rem nulla iure. Et delectus eos cum eius. Sit quisquam id repudiandae repellendus saepe.\n\nQuia officia consectetur at atque cumque. Facere soluta voluptatem praesentium laboriosam ex laudantium reiciendis. Voluptatem labore doloribus quisquam sed nostrum quis et.\n\nIpsum ad earum autem cumque deserunt. Quod optio fuga enim delectus. Perspiciatis est incidunt reiciendis qui aut. Consequatur ipsam eum quia dolorem ut magni est.\n\nCorporis dolor tempora molestiae ex. Aut ipsam eum voluptas ea nihil voluptatem.\n\nAnimi velit et ea mollitia repudiandae provident. Voluptates tenetur voluptatem delectus illum harum et. Eum suscipit minima quia est et commodi quia. Voluptatum veniam non possimus qui.\n\nTemporibus ea ducimus fugiat ullam voluptatem eaque eveniet. Magni voluptatem consequatur veniam vel sunt qui itaque officia. Unde explicabo nihil est aspernatur distinctio. Facere quo magni et nihil qui.\n\nEt modi asperiores nostrum eligendi necessitatibus. Consequuntur et aut et pariatur ullam cum. Quis labore debitis libero impedit.', 0, '2021-04-15 04:49:44', '2021-04-15 04:49:44'),
(96, 49, 'Dolor laudantium omnis officia est provident laudantium impedit.', 'Vitae maiores cum repellat. Omnis laboriosam quidem totam error neque vel possimus. Beatae unde et aliquid quibusdam corrupti sit harum perspiciatis. Voluptatem voluptas eligendi architecto consequatur placeat aliquam omnis dolor.\n\nVoluptatem eligendi consequatur quae. Rerum doloribus ipsa aut consequatur vel nihil. Et maxime ea enim mollitia reprehenderit ipsam. Mollitia ab minus accusantium labore. Ut eveniet dolore rerum at id.\n\nQuas itaque autem et voluptatibus voluptates soluta sed sit. Qui at velit ea neque est voluptatum optio sint. Similique atque eum minus laborum est iure.\n\nLabore occaecati a corrupti minus voluptas eius eum fugiat. Cumque corporis quod expedita autem vel voluptas. Consequatur omnis delectus temporibus distinctio pariatur. Et fugit saepe nostrum velit deleniti quidem.\n\nQuibusdam dolorem temporibus voluptatem sed sunt perspiciatis est. Debitis ea sapiente maxime sint ipsa necessitatibus.\n\nRerum ullam suscipit quidem velit. Sunt harum et aut illum eligendi minima omnis. Voluptas dignissimos quia non est quo deserunt.\n\nQui et sapiente et nemo ad voluptatem. Tempore sit quasi voluptatem veritatis voluptatibus itaque. Eius natus quia nesciunt in ut dicta.\n\nRatione in facilis voluptates ut eum dicta. Molestias qui omnis rerum deserunt. Hic totam quae quidem corporis sunt doloremque consequatur. Ut natus asperiores eum ut.\n\nIpsam exercitationem rerum fuga. Dolor et possimus id ut vero modi doloribus. Minima voluptatibus itaque laudantium in sunt. Sint corporis odit assumenda ut ipsam.\n\nQuia rerum sit praesentium dolore modi exercitationem. Excepturi perferendis quia cupiditate voluptatem.', 0, '2021-04-15 04:49:44', '2021-04-15 04:49:44'),
(97, 50, 'Facere accusamus nesciunt est qui quasi.', 'Dolores quaerat et odio nemo quibusdam autem. Dolores error alias dolorem aspernatur. Quasi est nostrum mollitia qui. Odit maxime facere voluptas voluptate magni.\n\nSed provident voluptas minima rerum. Architecto quos aut tempore quas. Laboriosam et suscipit illo consequatur.\n\nLaborum dolore magnam corrupti. Tempora cum eum consequatur et. Qui eos id ullam iusto est nulla. Qui voluptatem quos autem quasi unde inventore fugiat. Et consequatur aperiam mollitia possimus et.\n\nQuia officiis accusantium quisquam cupiditate. Ex dolorem quia repellendus ut ut minima eaque. Vero aperiam corrupti consequatur mollitia natus.', 0, '2021-04-15 04:49:44', '2021-04-15 04:49:44'),
(98, 50, 'Eos qui placeat error repellendus maiores fugiat.', 'Et qui earum exercitationem architecto. Quis expedita minus quaerat consectetur. Nihil iusto laborum qui eum perferendis qui explicabo optio.\n\nSed a sint ut pariatur blanditiis eius. Tempora ipsam illum quisquam. Eos inventore facilis blanditiis labore dolorem laboriosam.\n\nMolestias non reprehenderit iure voluptas. Corporis delectus dignissimos inventore ut. Asperiores porro aut dolor deleniti porro quia. Corrupti vel commodi voluptatem temporibus.\n\nAspernatur dicta ut et ut. Facere quasi perferendis laboriosam nam. Accusantium nemo odit vel cumque. Porro debitis hic consequatur in quos aut.\n\nAb autem nisi et pariatur laborum consequatur a. Et dicta repellendus architecto amet voluptate a dolores. Perferendis consequatur cupiditate expedita aut autem perferendis impedit.\n\nNisi quidem voluptatem vitae possimus ex. Et et quis non quas. Sed ut quae alias enim temporibus beatae magni. Vitae error aut cum eius.\n\nQuasi animi possimus minus exercitationem molestias illo perferendis. Sapiente sit voluptatem repudiandae similique rerum. Non ex quibusdam molestias. Soluta accusantium delectus exercitationem eaque non nihil.\n\nAccusamus ut placeat molestias consectetur eos magni quo sit. Nesciunt aspernatur atque sed et qui aut accusamus. Ipsum eius sunt ipsum. Dignissimos autem veniam eveniet rerum.\n\nQuidem quia itaque expedita voluptate. Sunt eveniet unde qui dicta commodi voluptas.\n\nSunt itaque sit velit minus. Quidem quae sunt est. Est perspiciatis aspernatur id doloremque facere voluptatem perspiciatis quaerat. Molestiae occaecati cumque qui.', 0, '2021-04-15 04:49:44', '2021-04-15 04:49:44'),
(99, 50, 'Laudantium aspernatur et aperiam et blanditiis commodi animi.', 'Aspernatur maxime reprehenderit et. Distinctio quo consequatur consequatur tenetur iure quasi. Inventore eveniet eius doloribus. Rerum molestiae recusandae iusto qui aut laboriosam eius dolores.\n\nAut consequatur iusto et. Dolores aut molestias itaque.\n\nQuas odio voluptatibus hic doloribus. Sed error temporibus autem nesciunt. Quam nesciunt eligendi distinctio est in et. Et nisi suscipit maiores sint.', 1, '2021-04-15 04:49:44', '2021-04-15 04:49:44'),
(100, 50, 'Vel ut velit ad cum excepturi.', 'Ab veritatis libero qui non cum quidem. Dignissimos et ipsa blanditiis occaecati ea non animi. Quam rerum aperiam est consequuntur. Omnis eos veniam et.\n\nSequi velit cupiditate ad distinctio pariatur. Tenetur consequatur consequatur voluptate ut. Hic consequatur in reiciendis esse rerum consequatur amet.\n\nIpsa id deserunt quia animi id nam. Quas exercitationem minus ut eum nihil eum sunt voluptas.\n\nVoluptatibus nostrum vel nulla quod. Fugiat quis officia dicta cupiditate. Recusandae consequatur laboriosam sed tenetur quas magnam. Laboriosam deserunt omnis quis non.\n\nAssumenda placeat id iure aut. Laudantium libero ab deleniti molestiae quo autem. Nobis et nihil maxime quas.\n\nEt praesentium perspiciatis dolor ad. Aut dicta beatae qui magni. Quos ullam mollitia eaque at est et. Est aut quia et officia est dolore enim.\n\nQui saepe inventore et molestiae. Consectetur earum voluptatem dignissimos repellat et. Pariatur nesciunt quisquam praesentium consequatur dicta quaerat fugit esse.\n\nVel quasi sunt et velit sed eius. Voluptatem quod quia eum labore enim. Dolor nostrum iusto ea omnis placeat.', 1, '2021-04-15 04:49:44', '2021-04-15 04:49:44');

-- --------------------------------------------------------

--
-- Table structure for table `users`
--

CREATE TABLE `users` (
  `id` int(10) UNSIGNED NOT NULL,
  `name` varchar(255) COLLATE utf8mb4_unicode_ci NOT NULL,
  `email` varchar(255) COLLATE utf8mb4_unicode_ci DEFAULT NULL,
  `password` varchar(255) COLLATE utf8mb4_unicode_ci DEFAULT NULL,
  `api_token` varchar(60) COLLATE utf8mb4_unicode_ci NOT NULL,
  `remember_token` varchar(100) COLLATE utf8mb4_unicode_ci DEFAULT NULL,
  `created_at` timestamp NULL DEFAULT NULL,
  `updated_at` timestamp NULL DEFAULT NULL
) ENGINE=InnoDB DEFAULT CHARSET=utf8mb4 COLLATE=utf8mb4_unicode_ci;

--
-- Dumping data for table `users`
--

INSERT INTO `users` (`id`, `name`, `email`, `password`, `api_token`, `remember_token`, `created_at`, `updated_at`) VALUES
(1, 'moemen gaballa', 'moemen@gmail.com', '$2y$10$wYygUjA5TGvwEa7ruj6nhuvVqa.j.1FbAiCbuNI4KmUBfcp01lPoW', 'tqGguYV1t1ekYPQpsexMf0uWgGCzeF3mefdxeYHnzbr2UCmZm67K1HAybFO0', 'vWpoMqxHIS', '2021-04-15 04:37:38', '2021-04-15 04:37:38'),
(2, 'Dannie Aufderhar Jr.', 'eslam@gmail.com', '$2y$10$wYygUjA5TGvwEa7ruj6nhuvVqa.j.1FbAiCbuNI4KmUBfcp01lPoW', 'QcgILTYKGZo33daDxREZEsAyBboOhHXJxULspHGzTP1HXRpwelSO7BUYlPAU', 'TnSdjbaOXq5GYkrtd3fYxQZl4TG8PXDyS53TdgO8fOqKHNCR0bsjYJuiGlVY', '2021-04-15 04:37:38', '2021-04-15 04:37:38'),
(3, 'Palma Lindgren', 'ole.osinski@example.org', '$2y$10$wYygUjA5TGvwEa7ruj6nhuvVqa.j.1FbAiCbuNI4KmUBfcp01lPoW', 'ADwykN4xJ20hgGKnjyn7eLC8JiEIhgdwqgUWsaZ8yE0tgKhbm93zD7YIsF4p', 'eVPknfSblB', '2021-04-15 04:37:38', '2021-04-15 04:37:38'),
(4, 'Davin Flatley', 'raynor.freda@example.com', '$2y$10$wYygUjA5TGvwEa7ruj6nhuvVqa.j.1FbAiCbuNI4KmUBfcp01lPoW', 'ZpaRUgFT8KjpQhTGWHopwuYxk43ODpfZ92TtY0wOqycs2t3cbB0lTh0vEdC0', 'UwuC9f5lYu', '2021-04-15 04:37:38', '2021-04-15 04:37:38'),
(5, 'Valentine DuBuque', 'farrell.hal@example.com', '$2y$10$wYygUjA5TGvwEa7ruj6nhuvVqa.j.1FbAiCbuNI4KmUBfcp01lPoW', 'snHKOIg40HwNw84wYFD4V8UKKH5MwZ4Go2jIYSXof2We43V2YCA3DZiQutXL', 'tsdYoibd5F', '2021-04-15 04:37:38', '2021-04-15 04:37:38'),
(6, 'Jeffery Towne', 'bailey.gregoria@example.org', '$2y$10$wYygUjA5TGvwEa7ruj6nhuvVqa.j.1FbAiCbuNI4KmUBfcp01lPoW', 'l4KfMsz5kjFrXDafNUhI0oXFQeWo7V2ZMPwQ2s4J5AP4UmI1TEZ7irZE3XiL', 'IZ8vIXiSnz', '2021-04-15 04:37:38', '2021-04-15 04:37:38'),
(7, 'Kelly Osinski', 'rosenbaum.chelsey@example.net', '$2y$10$wYygUjA5TGvwEa7ruj6nhuvVqa.j.1FbAiCbuNI4KmUBfcp01lPoW', '7Gg6nRZK7fpeVredrqS1c51RoRUnvaZgWw6OYtI6uH9kzuEdm9Ly7p6fmdC9', 'Vu7wkY9d5U', '2021-04-15 04:37:38', '2021-04-15 04:37:38'),
(8, 'Maximilian Funk Sr.', 'keara.christiansen@example.net', '$2y$10$wYygUjA5TGvwEa7ruj6nhuvVqa.j.1FbAiCbuNI4KmUBfcp01lPoW', 'MqjUBgbLYyzqOTCqovrkFH89qOoyu9xNAwsELkoielH1vtOve6aI0jFUAi2v', '7KnVdjEeFa', '2021-04-15 04:37:38', '2021-04-15 04:37:38'),
(9, 'Wilford O\'Keefe', 'enid.swift@example.net', '$2y$10$wYygUjA5TGvwEa7ruj6nhuvVqa.j.1FbAiCbuNI4KmUBfcp01lPoW', 'IrtL03YKqJWR1XRoWrzW77ZbrgLkfrU6LS9lS1dkSQV5eVUXImSDJtCrkmzR', 'phMnuwGeOH', '2021-04-15 04:37:38', '2021-04-15 04:37:38'),
(10, 'Dr. Isom Hudson', 'aweissnat@example.org', '$2y$10$wYygUjA5TGvwEa7ruj6nhuvVqa.j.1FbAiCbuNI4KmUBfcp01lPoW', 'LbU0cahWObdR6I7ML1ceMKu0dI9IvzQdWCZHiivisvSSRB0X98dUzvQ5RCpU', 'huJYGit7js', '2021-04-15 04:37:39', '2021-04-15 04:37:39'),
(11, 'Jennie Cummings', 'shany.champlin@example.com', '$2y$10$wYygUjA5TGvwEa7ruj6nhuvVqa.j.1FbAiCbuNI4KmUBfcp01lPoW', 'cUZAl2BlzyakQrJoryHAxxqqvLixrCPQWEDBCginxJawTvPJoiYMFraKVS0x', 'gXCRCZ8gge', '2021-04-15 04:37:39', '2021-04-15 04:37:39'),
(12, 'Dr. Thomas Stokes MD', 'alexzander76@example.com', '$2y$10$wYygUjA5TGvwEa7ruj6nhuvVqa.j.1FbAiCbuNI4KmUBfcp01lPoW', '12khf8yxzu2WOcyN3sdoJ2otMEpwKaZIUTlf5sorrQY3z7L6dKOMdbjefvol', 'ittD9vX1Ag', '2021-04-15 04:37:39', '2021-04-15 04:37:39'),
(13, 'Miller Klocko', 'randal49@example.com', '$2y$10$wYygUjA5TGvwEa7ruj6nhuvVqa.j.1FbAiCbuNI4KmUBfcp01lPoW', 'kXHOZEdOqaRy0OXg7tnITwTAGAddbHJo3agUB0Qj8oRKS6afeXfwveRBFKoe', 'QENjtynJTx', '2021-04-15 04:37:39', '2021-04-15 04:37:39'),
(14, 'Shea Larson Jr.', 'lera47@example.org', '$2y$10$wYygUjA5TGvwEa7ruj6nhuvVqa.j.1FbAiCbuNI4KmUBfcp01lPoW', 'bytRotUdBJgGeq1LKg0yrC1YLtEIqEs6eEzvxRb8JDmsc7JR4Y5paLQhWOxo', 'kXYqrIEwaG', '2021-04-15 04:37:39', '2021-04-15 04:37:39'),
(15, 'Glen Jakubowski', 'mozell27@example.org', '$2y$10$wYygUjA5TGvwEa7ruj6nhuvVqa.j.1FbAiCbuNI4KmUBfcp01lPoW', 'JR9eRF21JOzy4Q2JeYSYLhXUl5u2QFCLaVSXgVdrKAvKzctvxV7N9x5AK09T', 'eoFy1y9RI2', '2021-04-15 04:37:39', '2021-04-15 04:37:39'),
(16, 'Dr. Cody Gottlieb', 'vallie.wilkinson@example.org', '$2y$10$wYygUjA5TGvwEa7ruj6nhuvVqa.j.1FbAiCbuNI4KmUBfcp01lPoW', 'MdD7nf2SuwVF6KfjafGjH838C3HYk11Dwt9X6k8EtuJFvUTZsRdKtQpXtEbP', '6d563T6X7s', '2021-04-15 04:37:39', '2021-04-15 04:37:39'),
(17, 'Verda Heaney', 'lueilwitz.isaiah@example.com', '$2y$10$wYygUjA5TGvwEa7ruj6nhuvVqa.j.1FbAiCbuNI4KmUBfcp01lPoW', '0hDuiHrtsDpLGYBvMx4kuyqATVuiOBlrxVzWQyH3znBFQworNsfIt00QIm4k', 'fthvJdJCRE', '2021-04-15 04:37:39', '2021-04-15 04:37:39'),
(18, 'Luz Russel DVM', 'russel.donato@example.org', '$2y$10$wYygUjA5TGvwEa7ruj6nhuvVqa.j.1FbAiCbuNI4KmUBfcp01lPoW', 'AMj3nPunY3TjjNRzvaZ21zkolghWXsr1nU8sj1dnzPV6vbVJZ2Srj88AxJoH', 'lOzfQVCc4L', '2021-04-15 04:37:39', '2021-04-15 04:37:39'),
(19, 'Madelynn Abernathy', 'gina.vandervort@example.com', '$2y$10$wYygUjA5TGvwEa7ruj6nhuvVqa.j.1FbAiCbuNI4KmUBfcp01lPoW', 'ZZWnJA4QItqEsjcu2HOdkDuPC0rFdwZxaYUyfYjvvq6SohTHeAnfcQ1qIvSN', 'LXMaPyAimv', '2021-04-15 04:37:39', '2021-04-15 04:37:39'),
(20, 'Ronny Ferry', 'ucrona@example.org', '$2y$10$wYygUjA5TGvwEa7ruj6nhuvVqa.j.1FbAiCbuNI4KmUBfcp01lPoW', 'JdagIGIR46Y8bj1KLtUuiXHX57d678lLADTUSbQcB1Qal3F6izshA5gTmHVt', 'AVCOjHtAiA', '2021-04-15 04:37:39', '2021-04-15 04:37:39'),
(21, 'Dr. Mara Sipes I', 'valentina70@example.org', '$2y$10$wYygUjA5TGvwEa7ruj6nhuvVqa.j.1FbAiCbuNI4KmUBfcp01lPoW', 'xppfyVoV4zqI94WzNC9qjnBNnAKVJKarUMlHSfM2LWyUJJInqsqxz9P22OSb', 'VWQDI5GkrR', '2021-04-15 04:37:39', '2021-04-15 04:37:39'),
(22, 'Mrs. Bridgette Stark', 'schneider.brielle@example.com', '$2y$10$wYygUjA5TGvwEa7ruj6nhuvVqa.j.1FbAiCbuNI4KmUBfcp01lPoW', 'BKJjJvMhIjFY2cyWPBzUzhbPptYSiHZGdROZwkVRN1iatvnJQrhmDwLYvbKY', 'fLbyDVpMoY', '2021-04-15 04:37:39', '2021-04-15 04:37:39'),
(23, 'Maryjane Legros', 'osvaldo.connelly@example.com', '$2y$10$wYygUjA5TGvwEa7ruj6nhuvVqa.j.1FbAiCbuNI4KmUBfcp01lPoW', 'cib5iRGkCyfdnGQXS6LVpfKmJGCntFgABCEWNH7Tz124cvD6LxgChJpjKxQQ', 'eZT2CQcayr', '2021-04-15 04:37:40', '2021-04-15 04:37:40'),
(24, 'Kathleen Hagenes II', 'kaitlin53@example.com', '$2y$10$wYygUjA5TGvwEa7ruj6nhuvVqa.j.1FbAiCbuNI4KmUBfcp01lPoW', 'f58XP0AzdnutjlwOrDDBQk9GNpoBb0ETuhIM1GO9A0LwMAHhYSgEqg8SMXJA', 'AY0SSMtDeS', '2021-04-15 04:37:40', '2021-04-15 04:37:40'),
(25, 'Brown Swaniawski', 'torrance75@example.com', '$2y$10$wYygUjA5TGvwEa7ruj6nhuvVqa.j.1FbAiCbuNI4KmUBfcp01lPoW', '9CTp2dJHO16RV9yrQdhuYHWb8KsIqMemTTytVDVc31l5ZvFawRjObLcz9Tf8', 'Zb2UGIhCBs', '2021-04-15 04:37:40', '2021-04-15 04:37:40'),
(26, 'Etha Runolfsson', 'margret.roberts@example.net', '$2y$10$F39FZ0m92H.GSipFUUCc/.xIH3v3SXYII/3on.rZFkk9fmXoVSkX6', 'IhWX1j3t9K2O42Z46KAeVa27PbaNiH6xs3BANeN6AYhmmjHp7RQ8ZCuDtb0w', 'g9sg4yeH3t', '2021-04-15 04:49:32', '2021-04-15 04:49:32'),
(27, 'Prof. Luther Ledner II', 'huels.salvatore@example.net', '$2y$10$F39FZ0m92H.GSipFUUCc/.xIH3v3SXYII/3on.rZFkk9fmXoVSkX6', 'iSk5YwD19XF8RsGtgeNXXE2jiU6OBFmaqeEOY1XAY1qMuGtGTcUWGNsMX7Vl', 'OGDSCUAGpm', '2021-04-15 04:49:32', '2021-04-15 04:49:32'),
(28, 'Mr. Grady Powlowski', 'hayes.israel@example.org', '$2y$10$F39FZ0m92H.GSipFUUCc/.xIH3v3SXYII/3on.rZFkk9fmXoVSkX6', 'MlgQB96kdlotd7CPjCIS33BP8zh2qd5P6eyZxrwrSkzcabRf2lIV64H4xtWQ', 'uIMNofGOED', '2021-04-15 04:49:32', '2021-04-15 04:49:32'),
(29, 'Melvin Gerhold', 'veum.dewayne@example.net', '$2y$10$F39FZ0m92H.GSipFUUCc/.xIH3v3SXYII/3on.rZFkk9fmXoVSkX6', 'gWnfALfyyHur0GNC5vhV6LPGFtr5swtO8xB9Gi4BpjCQRedzqBCwYLUaIlcb', 'x8xsx3JsOz', '2021-04-15 04:49:32', '2021-04-15 04:49:32'),
(30, 'Selena Schiller', 'terry.abe@example.org', '$2y$10$F39FZ0m92H.GSipFUUCc/.xIH3v3SXYII/3on.rZFkk9fmXoVSkX6', 'fTDADpf2Ma7DvuQypNyd6nTnYQW1OnDFNt86PxXYrFGrbfHhfGI1K3ej6evw', 'YR2UDi83Xk', '2021-04-15 04:49:32', '2021-04-15 04:49:32'),
(31, 'Meghan Bauch', 'monserrate56@example.com', '$2y$10$F39FZ0m92H.GSipFUUCc/.xIH3v3SXYII/3on.rZFkk9fmXoVSkX6', 'qVT3z9FJMDKSP5ztmFfOiRTWT64DHMvsGRwLnzBhDjoyYbYx3weiVqyy16c0', 'cIjSlTgLg5', '2021-04-15 04:49:32', '2021-04-15 04:49:32'),
(32, 'Fiona Rolfson', 'brooklyn76@example.com', '$2y$10$F39FZ0m92H.GSipFUUCc/.xIH3v3SXYII/3on.rZFkk9fmXoVSkX6', 'pPT07k87591F3tNVSmzY7iuoEOrEZWawtB66RaHm3PmLWm2ScnONlKeix1ZX', 'ASGNt3hySd', '2021-04-15 04:49:32', '2021-04-15 04:49:32'),
(33, 'Mrs. Luella Fritsch', 'giovanny71@example.org', '$2y$10$F39FZ0m92H.GSipFUUCc/.xIH3v3SXYII/3on.rZFkk9fmXoVSkX6', 'TRWLN8stuVfC7SqLoBcZtYvPWvdNHUoaJVMwHRirzXL8sKV8Hz4P9l0oYD2c', 'n0v1NLmbJg', '2021-04-15 04:49:32', '2021-04-15 04:49:32'),
(34, 'Dr. Warren Mills II', 'ndonnelly@example.org', '$2y$10$F39FZ0m92H.GSipFUUCc/.xIH3v3SXYII/3on.rZFkk9fmXoVSkX6', 'oBkFoDtk5lZQr70PJyZ73pojUn2twVeqK7STE1KL6IlshsZ2fBjub0pCW9Ny', '1c5qsQmGdu', '2021-04-15 04:49:32', '2021-04-15 04:49:32'),
(35, 'Antoinette Wilderman', 'marisol.white@example.com', '$2y$10$F39FZ0m92H.GSipFUUCc/.xIH3v3SXYII/3on.rZFkk9fmXoVSkX6', 'UYSMQIVs98EU1BE070v9KfrFRPsOHbHNZivD4VHbPps7DDaenANfmDuuFUQc', 'QaM8bD7J6U', '2021-04-15 04:49:32', '2021-04-15 04:49:32'),
(36, 'Gavin Kohler', 'aurelio.homenick@example.net', '$2y$10$F39FZ0m92H.GSipFUUCc/.xIH3v3SXYII/3on.rZFkk9fmXoVSkX6', '8IstMBjgMKfkuODRf7FhUsBHWPcT1NVrkud3wNxZdnEpmtyECzrCSxSaLxQe', 'CS0CTeeQE2', '2021-04-15 04:49:32', '2021-04-15 04:49:32'),
(37, 'Jadyn Lemke', 'hintz.murray@example.com', '$2y$10$F39FZ0m92H.GSipFUUCc/.xIH3v3SXYII/3on.rZFkk9fmXoVSkX6', '70lwy5weFSu87vRlv6aBbPl8352UWESs6nI8LI7U3BHXCyoyq8fwyptostoY', 'MJdtsVAD71', '2021-04-15 04:49:32', '2021-04-15 04:49:32'),
(38, 'Prof. Sheldon Anderson', 'bianka.klein@example.net', '$2y$10$F39FZ0m92H.GSipFUUCc/.xIH3v3SXYII/3on.rZFkk9fmXoVSkX6', 'W9JrT5FfrsSIZgsW49ZL8jW1FH7vwJEt2bT2ZtyXNuMmCXzJMEcBmpsyOfsH', 'LvZq6UE2UH', '2021-04-15 04:49:32', '2021-04-15 04:49:32'),
(39, 'Jadyn Spinka', 'balistreri.mark@example.org', '$2y$10$F39FZ0m92H.GSipFUUCc/.xIH3v3SXYII/3on.rZFkk9fmXoVSkX6', 'CFRP5wNDnfdmIZ7cL2Uk5P9TszD7xJB0Ijv8IQoB7oAoHeiOuYthY9lIUuvQ', 'YSCI9Axxip', '2021-04-15 04:49:32', '2021-04-15 04:49:32'),
(40, 'Judah Nolan MD', 'alexandro.ortiz@example.net', '$2y$10$F39FZ0m92H.GSipFUUCc/.xIH3v3SXYII/3on.rZFkk9fmXoVSkX6', 'X16HNl8nQXCM1ZOoW0fPoQdn4VjimuakEHjMp1NxupCXlRaNZWJY146Feeke', '5i5dqrIj9S', '2021-04-15 04:49:32', '2021-04-15 04:49:32'),
(41, 'Miss Nya Jenkins', 'skye68@example.com', '$2y$10$F39FZ0m92H.GSipFUUCc/.xIH3v3SXYII/3on.rZFkk9fmXoVSkX6', 'GFapZUpuLn0TqB83uxaN0shXzJQGCngAdxexVqzm1HRLqbUsXvoeQDt0VXIT', 'a6B0DeUrVq', '2021-04-15 04:49:32', '2021-04-15 04:49:32'),
(42, 'Thomas Barrows', 'zemlak.addison@example.net', '$2y$10$F39FZ0m92H.GSipFUUCc/.xIH3v3SXYII/3on.rZFkk9fmXoVSkX6', 'v36jAXujTXBWccqouUWuhoNNUFn7KywPGOu1MBNnqE6O9hkCcaHKiGQVDxal', 'qaMF3f3N9X', '2021-04-15 04:49:32', '2021-04-15 04:49:32'),
(43, 'Mrs. Luella Douglas', 'pearl17@example.org', '$2y$10$F39FZ0m92H.GSipFUUCc/.xIH3v3SXYII/3on.rZFkk9fmXoVSkX6', 'iEU8ODzpWBrbX0pQljPgPBGCLYimUSJ2tvMrDq0hp62CLNiLXSVBcSsYIxvb', 'i5V5EvggZh', '2021-04-15 04:49:32', '2021-04-15 04:49:32'),
(44, 'Prof. Elinore Lesch I', 'leatha43@example.com', '$2y$10$F39FZ0m92H.GSipFUUCc/.xIH3v3SXYII/3on.rZFkk9fmXoVSkX6', 'Dx2DIrcffTxM5fl99FyUYcU1jqvuOh8XYi0CE0LiGiDjSuGTQTz8trbLJ0S3', 'tmRD5cuo3m', '2021-04-15 04:49:32', '2021-04-15 04:49:32'),
(45, 'Rylee Runolfsdottir', 'jonatan.hilpert@example.net', '$2y$10$F39FZ0m92H.GSipFUUCc/.xIH3v3SXYII/3on.rZFkk9fmXoVSkX6', 'jkPrZSvd3ZvtMqojtQuNq30IflCCIKhEZkaDgEgUjABIU2uyIMzSHx1C4nl2', 'zvXhTqXPNa', '2021-04-15 04:49:33', '2021-04-15 04:49:33'),
(46, 'Julian Beatty', 'christiansen.myles@example.net', '$2y$10$F39FZ0m92H.GSipFUUCc/.xIH3v3SXYII/3on.rZFkk9fmXoVSkX6', 'S7bFjeOTnDyThJEoirkbb5XccQba0nwCcSRLpEgccYaOXT8pIEA0r7nLfHDd', 'WnKnpxR7dK', '2021-04-15 04:49:33', '2021-04-15 04:49:33'),
(47, 'Ms. Willow Hamill I', 'orosenbaum@example.net', '$2y$10$F39FZ0m92H.GSipFUUCc/.xIH3v3SXYII/3on.rZFkk9fmXoVSkX6', 'XHxtgfV3C6CE3egE7WPFBDkhj5YSW0CJsPNQyrL7upzizD9bfIIklPOvpjUk', 'mvutn578gk', '2021-04-15 04:49:33', '2021-04-15 04:49:33'),
(48, 'Kian Glover', 'considine.madyson@example.org', '$2y$10$F39FZ0m92H.GSipFUUCc/.xIH3v3SXYII/3on.rZFkk9fmXoVSkX6', 'Na820vbfkRzmlKRZQSywkhZQm0sjv4EuK5mP4FfDpFQqD9w9Tbu1MhJKLwcL', 'Zbv333mmuC', '2021-04-15 04:49:33', '2021-04-15 04:49:33'),
(49, 'Mr. Lorenza Von', 'xpaucek@example.net', '$2y$10$F39FZ0m92H.GSipFUUCc/.xIH3v3SXYII/3on.rZFkk9fmXoVSkX6', '6YZegCVmRUpoLKo5dsvFlPYZPv6SsQQepgiWDnUtaD9ToBoSYcfUVUM8HWT4', 'vuXpzayxXs', '2021-04-15 04:49:33', '2021-04-15 04:49:33'),
(50, 'Hilario Zieme', 'hane.germaine@example.org', '$2y$10$F39FZ0m92H.GSipFUUCc/.xIH3v3SXYII/3on.rZFkk9fmXoVSkX6', 'e6yVEYhbIXvJYftIEsIHoIA4NJMMyUiDx50htyP8dmkQreUfZsbUckyMSZxz', 'h0Ye73Tve0', '2021-04-15 04:49:33', '2021-04-15 04:49:33');

--
-- Indexes for dumped tables
--

--
-- Indexes for table `comments`
--
ALTER TABLE `comments`
  ADD PRIMARY KEY (`id`);

--
-- Indexes for table `migrations`
--
ALTER TABLE `migrations`
  ADD PRIMARY KEY (`id`);

--
-- Indexes for table `password_resets`
--
ALTER TABLE `password_resets`
  ADD KEY `password_resets_email_index` (`email`);

--
-- Indexes for table `posts`
--
ALTER TABLE `posts`
  ADD PRIMARY KEY (`id`);

--
-- Indexes for table `users`
--
ALTER TABLE `users`
  ADD PRIMARY KEY (`id`),
  ADD UNIQUE KEY `users_api_token_unique` (`api_token`);

--
-- AUTO_INCREMENT for dumped tables
--

--
-- AUTO_INCREMENT for table `comments`
--
ALTER TABLE `comments`
  MODIFY `id` int(10) UNSIGNED NOT NULL AUTO_INCREMENT, AUTO_INCREMENT=22;

--
-- AUTO_INCREMENT for table `migrations`
--
ALTER TABLE `migrations`
  MODIFY `id` int(10) UNSIGNED NOT NULL AUTO_INCREMENT, AUTO_INCREMENT=5;

--
-- AUTO_INCREMENT for table `posts`
--
ALTER TABLE `posts`
  MODIFY `id` int(10) UNSIGNED NOT NULL AUTO_INCREMENT, AUTO_INCREMENT=101;

--
-- AUTO_INCREMENT for table `users`
--
ALTER TABLE `users`
  MODIFY `id` int(10) UNSIGNED NOT NULL AUTO_INCREMENT, AUTO_INCREMENT=51;
COMMIT;

/*!40101 SET CHARACTER_SET_CLIENT=@OLD_CHARACTER_SET_CLIENT */;
/*!40101 SET CHARACTER_SET_RESULTS=@OLD_CHARACTER_SET_RESULTS */;
/*!40101 SET COLLATION_CONNECTION=@OLD_COLLATION_CONNECTION */;
